Sport,ns1:Id,StartTime,ns1:TotalTimeSeconds,ns1:DistanceMeters,ns1:Intensity,ns1:TriggerMethod,ns1:Value,ns1:Value2,ns1:Time,ns1:DistanceMeters3,ns1:AltitudeMeters,ns1:Value4,ns1:Speed,ns1_LatitudeDegrees,ns1_LongitudeDegrees,ns1:Name
Biking,2019-09-20T22:42:42Z,2019-09-20T22:42:42Z,963,4091.899902,Active,Manual,182,138,2019-09-20T22:42:42Z,0,,,,,,Coros Wearables
Biking,2019-09-20T22:42:42Z,2019-09-20T22:42:42Z,963,4091.899902,Active,Manual,182,138,2019-09-20T22:42:43Z,0,7,136,,,,Coros Wearables
Biking,2019-09-20T22:42:42Z,2019-09-20T22:42:42Z,963,4091.899902,Active,Manual,182,138,2019-09-20T22:42:45Z,0,7,137,,,,Coros Wearables
Biking,2019-09-20T22:42:42Z,2019-09-20T22:42:42Z,963,4091.899902,Active,Manual,182,138,2019-09-20T22:42:47Z,0,7,137,11.84,,,Coros Wearables
Biking,2019-09-20T22:42:42Z,2019-09-20T22:42:42Z,963,4091.899902,Active,Manual,182,138,2019-09-20T22:42:49Z,2.5,7,137,11.84,-27.489489,153.032813,Coros Wearables
Biking,2019-09-20T22:42:42Z,2019-09-20T22:42:42Z,963,4091.899902,Active,Manual,182,138,2019-09-20T22:42:51Z,8,7,143,11.84,-27.489484,153.03281,Coros Wearables
Biking,2019-09-20T22:42:42Z,2019-09-20T22:42:42Z,963,4091.899902,Active,Manual,182,138,2019-09-20T22:42:53Z,15.5,7,147,11.84,-27.489461,153.032804,Coros Wearables
Biking,2019-09-20T22:42:42Z,2019-09-20T22:42:42Z,963,4091.899902,Active,Manual,182,138,2019-09-20T22:42:55Z,23.5,8,145,13.21,-27.489414,153.032795,Coros Wearables
Biking,2019-09-20T22:42:42Z,2019-09-20T22:42:42Z,963,4091.899902,Active,Manual,182,138,2019-09-20T22:42:57Z,31.5,8,145,13.22,-27.489344,153.032777,Coros Wearables
Biking,2019-09-20T22:42:42Z,2019-09-20T22:42:42Z,963,4091.899902,Active,Manual,182,138,2019-09-20T22:42:59Z,41,8,145,16.35,-27.489276,153.032759,Coros Wearables
Biking,2019-09-20T22:42:42Z,2019-09-20T22:42:42Z,963,4091.899902,Active,Manual,182,138,2019-09-20T22:43:01Z,50.5,9,145,17.110001,-27.489207,153.032745,Coros Wearables
Biking,2019-09-20T22:42:42Z,2019-09-20T22:42:42Z,963,4091.899902,Active,Manual,182,138,2019-09-20T22:43:03Z,60,9,145,17.17,-27.489124,153.032733,Coros Wearables
Biking,2019-09-20T22:42:42Z,2019-09-20T22:42:42Z,963,4091.899902,Active,Manual,182,138,2019-09-20T22:43:05Z,70,9,145,17.610001,-27.489039,153.032723,Coros Wearables
Biking,2019-09-20T22:42:42Z,2019-09-20T22:42:42Z,963,4091.899902,Active,Manual,182,138,2019-09-20T22:43:07Z,80,9,146,17.639999,-27.488953,153.032711,Coros Wearables
Biking,2019-09-20T22:42:42Z,2019-09-20T22:42:42Z,963,4091.899902,Active,Manual,182,138,2019-09-20T22:43:09Z,90,9,147,17.82,-27.488866,153.032694,Coros Wearables
Biking,2019-09-20T22:42:42Z,2019-09-20T22:42:42Z,963,4091.899902,Active,Manual,182,138,2019-09-20T22:43:11Z,100,10,147,18.290001,-27.488782,153.032669,Coros Wearables
Biking,2019-09-20T22:42:42Z,2019-09-20T22:42:42Z,963,4091.899902,Active,Manual,182,138,2019-09-20T22:43:13Z,110.5,10,147,17.299999,-27.488695,153.032643,Coros Wearables
Biking,2019-09-20T22:42:42Z,2019-09-20T22:42:42Z,963,4091.899902,Active,Manual,182,138,2019-09-20T22:43:15Z,121.5,10,148,20.48,-27.488607,153.032616,Coros Wearables
Biking,2019-09-20T22:42:42Z,2019-09-20T22:42:42Z,963,4091.899902,Active,Manual,182,138,2019-09-20T22:43:17Z,132,10,148,19.25,-27.488518,153.032586,Coros Wearables
Biking,2019-09-20T22:42:42Z,2019-09-20T22:42:42Z,963,4091.899902,Active,Manual,182,138,2019-09-20T22:43:19Z,142,10,152,18.82,-27.488425,153.032541,Coros Wearables
Biking,2019-09-20T22:42:42Z,2019-09-20T22:42:42Z,963,4091.899902,Active,Manual,182,138,2019-09-20T22:43:21Z,153,11,149,17.91,-27.488337,153.032505,Coros Wearables
Biking,2019-09-20T22:42:42Z,2019-09-20T22:42:42Z,963,4091.899902,Active,Manual,182,138,2019-09-20T22:43:23Z,165,11,149,21.540001,-27.488248,153.032466,Coros Wearables
Biking,2019-09-20T22:42:42Z,2019-09-20T22:42:42Z,963,4091.899902,Active,Manual,182,138,2019-09-20T22:43:25Z,177,11,145,21.4,-27.48816,153.032426,Coros Wearables
Biking,2019-09-20T22:42:42Z,2019-09-20T22:42:42Z,963,4091.899902,Active,Manual,182,138,2019-09-20T22:43:27Z,190.5,11,141,21.950001,-27.488055,153.032396,Coros Wearables
Biking,2019-09-20T22:42:42Z,2019-09-20T22:42:42Z,963,4091.899902,Active,Manual,182,138,2019-09-20T22:43:29Z,204,11,139,22.139999,-27.487949,153.032383,Coros Wearables
Biking,2019-09-20T22:42:42Z,2019-09-20T22:42:42Z,963,4091.899902,Active,Manual,182,138,2019-09-20T22:43:31Z,216,11,138,21.43,-27.487829,153.032331,Coros Wearables
Biking,2019-09-20T22:42:42Z,2019-09-20T22:42:42Z,963,4091.899902,Active,Manual,182,138,2019-09-20T22:43:33Z,227,11,138,22.02,-27.487743,153.032251,Coros Wearables
Biking,2019-09-20T22:42:42Z,2019-09-20T22:42:42Z,963,4091.899902,Active,Manual,182,138,2019-09-20T22:43:35Z,239.5,11,140,20.85,-27.487662,153.032198,Coros Wearables
Biking,2019-09-20T22:42:42Z,2019-09-20T22:42:42Z,963,4091.899902,Active,Manual,182,138,2019-09-20T22:43:37Z,253.5,11,140,23.620001,-27.487554,153.032142,Coros Wearables
Biking,2019-09-20T22:42:42Z,2019-09-20T22:42:42Z,963,4091.899902,Active,Manual,182,138,2019-09-20T22:43:39Z,268,11,140,24.52,-27.487466,153.032105,Coros Wearables
Biking,2019-09-20T22:42:42Z,2019-09-20T22:42:42Z,963,4091.899902,Active,Manual,182,138,2019-09-20T22:43:41Z,284,9,144,28.26,-27.487333,153.032055,Coros Wearables
Biking,2019-09-20T22:42:42Z,2019-09-20T22:42:42Z,963,4091.899902,Active,Manual,182,138,2019-09-20T22:43:43Z,300,9,148,29.58,-27.487214,153.03201,Coros Wearables
Biking,2019-09-20T22:42:42Z,2019-09-20T22:42:42Z,963,4091.899902,Active,Manual,182,138,2019-09-20T22:43:45Z,316,8,152,26.690001,-27.487076,153.031948,Coros Wearables
Biking,2019-09-20T22:42:42Z,2019-09-20T22:42:42Z,963,4091.899902,Active,Manual,182,138,2019-09-20T22:43:47Z,331.5,8,157,29.02,-27.486939,153.031885,Coros Wearables
Biking,2019-09-20T22:42:42Z,2019-09-20T22:42:42Z,963,4091.899902,Active,Manual,182,138,2019-09-20T22:43:49Z,346,8,157,27.18,-27.486814,153.031823,Coros Wearables
Biking,2019-09-20T22:42:42Z,2019-09-20T22:42:42Z,963,4091.899902,Active,Manual,182,138,2019-09-20T22:43:51Z,359.5,8,157,24.76,-27.48669,153.03174,Coros Wearables
Biking,2019-09-20T22:42:42Z,2019-09-20T22:42:42Z,963,4091.899902,Active,Manual,182,138,2019-09-20T22:43:53Z,371.5,8,157,23.120001,-27.486579,153.031664,Coros Wearables
Biking,2019-09-20T22:42:42Z,2019-09-20T22:42:42Z,963,4091.899902,Active,Manual,182,138,2019-09-20T22:43:55Z,381.5,8,157,20.459999,-27.486476,153.031595,Coros Wearables
Biking,2019-09-20T22:42:42Z,2019-09-20T22:42:42Z,963,4091.899902,Active,Manual,182,138,2019-09-20T22:43:57Z,390.5,8,158,18.07,-27.486381,153.031531,Coros Wearables
Biking,2019-09-20T22:42:42Z,2019-09-20T22:42:42Z,963,4091.899902,Active,Manual,182,138,2019-09-20T22:43:59Z,395,8,163,16.360001,-27.486303,153.031504,Coros Wearables
Biking,2019-09-20T22:42:42Z,2019-09-20T22:42:42Z,963,4091.899902,Active,Manual,182,138,2019-09-20T22:44:01Z,395,9,169,16.360001,-27.486217,153.031512,Coros Wearables
Biking,2019-09-20T22:42:42Z,2019-09-20T22:42:42Z,963,4091.899902,Active,Manual,182,138,2019-09-20T22:44:03Z,406.5,9,173,16.360001,,,Coros Wearables
Biking,2019-09-20T22:42:42Z,2019-09-20T22:42:42Z,963,4091.899902,Active,Manual,182,138,2019-09-20T22:44:05Z,427.5,9,181,18.200001,-27.486064,153.031565,Coros Wearables
Biking,2019-09-20T22:42:42Z,2019-09-20T22:42:42Z,963,4091.899902,Active,Manual,182,138,2019-09-20T22:44:07Z,444.5,9,181,21.370001,-27.486064,153.031565,Coros Wearables
Biking,2019-09-20T22:42:42Z,2019-09-20T22:42:42Z,963,4091.899902,Active,Manual,182,138,2019-09-20T22:44:09Z,458.5,9,181,25.26,-27.4859,153.031613,Coros Wearables
Biking,2019-09-20T22:42:42Z,2019-09-20T22:42:42Z,963,4091.899902,Active,Manual,182,138,2019-09-20T22:44:11Z,470.5,8,182,22.75,-27.485768,153.031651,Coros Wearables
Biking,2019-09-20T22:42:42Z,2019-09-20T22:42:42Z,963,4091.899902,Active,Manual,182,138,2019-09-20T22:44:13Z,486,8,182,25.360001,-27.485624,153.03169,Coros Wearables
Biking,2019-09-20T22:42:42Z,2019-09-20T22:42:42Z,963,4091.899902,Active,Manual,182,138,2019-09-20T22:44:15Z,504.5,8,179,30.860001,-27.485516,153.031685,Coros Wearables
Biking,2019-09-20T22:42:42Z,2019-09-20T22:42:42Z,963,4091.899902,Active,Manual,182,138,2019-09-20T22:44:17Z,520.5,8,176,30.27,-27.485386,153.031619,Coros Wearables
Biking,2019-09-20T22:42:42Z,2019-09-20T22:42:42Z,963,4091.899902,Active,Manual,182,138,2019-09-20T22:44:19Z,533.5,8,176,25.030001,-27.485239,153.031547,Coros Wearables
Biking,2019-09-20T22:42:42Z,2019-09-20T22:42:42Z,963,4091.899902,Active,Manual,182,138,2019-09-20T22:44:21Z,543,8,174,19.950001,-27.485097,153.031507,Coros Wearables
Biking,2019-09-20T22:42:42Z,2019-09-20T22:42:42Z,963,4091.899902,Active,Manual,182,138,2019-09-20T22:44:23Z,551,8,175,17.9,-27.484987,153.031478,Coros Wearables
Biking,2019-09-20T22:42:42Z,2019-09-20T22:42:42Z,963,4091.899902,Active,Manual,182,138,2019-09-20T22:44:25Z,559.5,9,176,15.18,-27.484914,153.031449,Coros Wearables
Biking,2019-09-20T22:42:42Z,2019-09-20T22:42:42Z,963,4091.899902,Active,Manual,182,138,2019-09-20T22:44:27Z,569,9,176,16.360001,-27.484852,153.031391,Coros Wearables
Biking,2019-09-20T22:42:42Z,2019-09-20T22:42:42Z,963,4091.899902,Active,Manual,182,138,2019-09-20T22:44:29Z,578.5,9,176,17.43,-27.484812,153.03132,Coros Wearables
Biking,2019-09-20T22:42:42Z,2019-09-20T22:42:42Z,963,4091.899902,Active,Manual,182,138,2019-09-20T22:44:31Z,589,9,176,17.91,-27.484779,153.031234,Coros Wearables
Biking,2019-09-20T22:42:42Z,2019-09-20T22:42:42Z,963,4091.899902,Active,Manual,182,138,2019-09-20T22:44:33Z,603.5,9,176,22.32,-27.484747,153.031145,Coros Wearables
Biking,2019-09-20T22:42:42Z,2019-09-20T22:42:42Z,963,4091.899902,Active,Manual,182,138,2019-09-20T22:44:35Z,619,9,175,25.860001,-27.48471,153.031047,Coros Wearables
Biking,2019-09-20T22:42:42Z,2019-09-20T22:42:42Z,963,4091.899902,Active,Manual,182,138,2019-09-20T22:44:37Z,633.5,9,175,25.719999,-27.484655,153.030906,Coros Wearables
Biking,2019-09-20T22:42:42Z,2019-09-20T22:42:42Z,963,4091.899902,Active,Manual,182,138,2019-09-20T22:44:39Z,648,9,175,23.879999,-27.484597,153.030772,Coros Wearables
Biking,2019-09-20T22:42:42Z,2019-09-20T22:42:42Z,963,4091.899902,Active,Manual,182,138,2019-09-20T22:44:41Z,662,9,175,24.24,-27.484494,153.030677,Coros Wearables
Biking,2019-09-20T22:42:42Z,2019-09-20T22:42:42Z,963,4091.899902,Active,Manual,182,138,2019-09-20T22:44:43Z,676,9,175,25.67,-27.484374,153.030679,Coros Wearables
Biking,2019-09-20T22:42:42Z,2019-09-20T22:42:42Z,963,4091.899902,Active,Manual,182,138,2019-09-20T22:44:45Z,690,8,175,26.059999,-27.484259,153.030747,Coros Wearables
Biking,2019-09-20T22:42:42Z,2019-09-20T22:42:42Z,963,4091.899902,Active,Manual,182,138,2019-09-20T22:44:47Z,701,8,175,23.370001,-27.484156,153.030832,Coros Wearables
Biking,2019-09-20T22:42:42Z,2019-09-20T22:42:42Z,963,4091.899902,Active,Manual,182,138,2019-09-20T22:44:49Z,708.5,8,176,16.68,-27.484072,153.03094,Coros Wearables
Biking,2019-09-20T22:42:42Z,2019-09-20T22:42:42Z,963,4091.899902,Active,Manual,182,138,2019-09-20T22:44:51Z,718,8,176,13.97,-27.483998,153.031028,Coros Wearables
Biking,2019-09-20T22:42:42Z,2019-09-20T22:42:42Z,963,4091.899902,Active,Manual,182,138,2019-09-20T22:44:53Z,733.5,8,176,25.18,-27.483945,153.031053,Coros Wearables
Biking,2019-09-20T22:42:42Z,2019-09-20T22:42:42Z,963,4091.899902,Active,Manual,182,138,2019-09-20T22:44:55Z,749.5,7,176,26.59,-27.483869,153.031064,Coros Wearables
Biking,2019-09-20T22:42:42Z,2019-09-20T22:42:42Z,963,4091.899902,Active,Manual,182,138,2019-09-20T22:44:57Z,761.5,7,176,23.52,-27.483707,153.03104,Coros Wearables
Biking,2019-09-20T22:42:42Z,2019-09-20T22:42:42Z,963,4091.899902,Active,Manual,182,138,2019-09-20T22:44:59Z,771.5,7,175,20.540001,-27.483593,153.030994,Coros Wearables
Biking,2019-09-20T22:42:42Z,2019-09-20T22:42:42Z,963,4091.899902,Active,Manual,182,138,2019-09-20T22:45:01Z,781.5,7,175,20.32,-27.483495,153.03093,Coros Wearables
Biking,2019-09-20T22:42:42Z,2019-09-20T22:42:42Z,963,4091.899902,Active,Manual,182,138,2019-09-20T22:45:03Z,792.5,7,175,20.540001,-27.483418,153.030895,Coros Wearables
Biking,2019-09-20T22:42:42Z,2019-09-20T22:42:42Z,963,4091.899902,Active,Manual,182,138,2019-09-20T22:45:05Z,806,7,175,20.540001,-27.483334,153.030853,Coros Wearables
Biking,2019-09-20T22:42:42Z,2019-09-20T22:42:42Z,963,4091.899902,Active,Manual,182,138,2019-09-20T22:45:07Z,821.5,7,174,24.620001,-27.483241,153.030805,Coros Wearables
Biking,2019-09-20T22:42:42Z,2019-09-20T22:42:42Z,963,4091.899902,Active,Manual,182,138,2019-09-20T22:45:09Z,837,7,171,27.17,-27.483083,153.030683,Coros Wearables
Biking,2019-09-20T22:42:42Z,2019-09-20T22:42:42Z,963,4091.899902,Active,Manual,182,138,2019-09-20T22:45:11Z,852,4,171,28.5,-27.483032,153.030634,Coros Wearables
Biking,2019-09-20T22:42:42Z,2019-09-20T22:42:42Z,963,4091.899902,Active,Manual,182,138,2019-09-20T22:45:13Z,864.5,4,171,25.379999,-27.48293,153.030533,Coros Wearables
Biking,2019-09-20T22:42:42Z,2019-09-20T22:42:42Z,963,4091.899902,Active,Manual,182,138,2019-09-20T22:45:15Z,873,3,174,19.360001,-27.482821,153.030443,Coros Wearables
Biking,2019-09-20T22:42:42Z,2019-09-20T22:42:42Z,963,4091.899902,Active,Manual,182,138,2019-09-20T22:45:17Z,879,3,173,14.32,-27.482711,153.030396,Coros Wearables
Biking,2019-09-20T22:42:42Z,2019-09-20T22:42:42Z,963,4091.899902,Active,Manual,182,138,2019-09-20T22:45:19Z,884.5,3,173,10.94,-27.482639,153.030383,Coros Wearables
Biking,2019-09-20T22:42:42Z,2019-09-20T22:42:42Z,963,4091.899902,Active,Manual,182,138,2019-09-20T22:45:21Z,890.5,1,173,10.32,-27.482581,153.030368,Coros Wearables
Biking,2019-09-20T22:42:42Z,2019-09-20T22:42:42Z,963,4091.899902,Active,Manual,182,138,2019-09-20T22:45:23Z,897,1,172,11.15,-27.48254,153.030335,Coros Wearables
Biking,2019-09-20T22:42:42Z,2019-09-20T22:42:42Z,963,4091.899902,Active,Manual,182,138,2019-09-20T22:45:25Z,903.5,0,172,11.52,-27.482525,153.030298,Coros Wearables
Biking,2019-09-20T22:42:42Z,2019-09-20T22:42:42Z,963,4091.899902,Active,Manual,182,138,2019-09-20T22:45:27Z,910.5,0,171,11.83,-27.482515,153.030218,Coros Wearables
Biking,2019-09-20T22:42:42Z,2019-09-20T22:42:42Z,963,4091.899902,Active,Manual,182,138,2019-09-20T22:45:29Z,917.5,0,171,11.74,-27.482516,153.030151,Coros Wearables
Biking,2019-09-20T22:42:42Z,2019-09-20T22:42:42Z,963,4091.899902,Active,Manual,182,138,2019-09-20T22:45:31Z,925.5,-1,169,14.86,-27.482505,153.030086,Coros Wearables
Biking,2019-09-20T22:42:42Z,2019-09-20T22:42:42Z,963,4091.899902,Active,Manual,182,138,2019-09-20T22:45:33Z,935,-1,168,16,-27.482461,153.030035,Coros Wearables
Biking,2019-09-20T22:42:42Z,2019-09-20T22:42:42Z,963,4091.899902,Active,Manual,182,138,2019-09-20T22:45:35Z,945.5,-2,168,18.27,-27.482398,153.029985,Coros Wearables
Biking,2019-09-20T22:42:42Z,2019-09-20T22:42:42Z,963,4091.899902,Active,Manual,182,138,2019-09-20T22:45:37Z,957,-2,165,20.23,-27.482349,153.02991,Coros Wearables
Biking,2019-09-20T22:42:42Z,2019-09-20T22:42:42Z,963,4091.899902,Active,Manual,182,138,2019-09-20T22:45:39Z,968,-2,161,20.370001,-27.482327,153.029806,Coros Wearables
Biking,2019-09-20T22:42:42Z,2019-09-20T22:42:42Z,963,4091.899902,Active,Manual,182,138,2019-09-20T22:45:41Z,978.5,-2,161,18.629999,-27.482322,153.029691,Coros Wearables
Biking,2019-09-20T22:42:42Z,2019-09-20T22:42:42Z,963,4091.899902,Active,Manual,182,138,2019-09-20T22:45:43Z,989.5,-2,162,19.629999,-27.482314,153.029581,Coros Wearables
Biking,2019-09-20T22:42:42Z,2019-09-20T22:42:42Z,963,4091.899902,Active,Manual,182,138,2019-09-20T22:45:45Z,1001,-3,162,20.07,-27.482304,153.029476,Coros Wearables
Biking,2019-09-20T22:42:42Z,2019-09-20T22:42:42Z,963,4091.899902,Active,Manual,182,138,2019-09-20T22:45:47Z,1012.5,-3,161,20.77,-27.482297,153.029365,Coros Wearables
Biking,2019-09-20T22:42:42Z,2019-09-20T22:42:42Z,963,4091.899902,Active,Manual,182,138,2019-09-20T22:45:49Z,1023.5,-3,158,20.530001,-27.482287,153.029251,Coros Wearables
Biking,2019-09-20T22:42:42Z,2019-09-20T22:42:42Z,963,4091.899902,Active,Manual,182,138,2019-09-20T22:45:51Z,1035,-3,157,20.67,-27.482273,153.029136,Coros Wearables
Biking,2019-09-20T22:42:42Z,2019-09-20T22:42:42Z,963,4091.899902,Active,Manual,182,138,2019-09-20T22:45:53Z,1048,-3,157,20.1,-27.482258,153.029022,Coros Wearables
Biking,2019-09-20T22:42:42Z,2019-09-20T22:42:42Z,963,4091.899902,Active,Manual,182,138,2019-09-20T22:45:55Z,1061.5,-3,157,22.120001,-27.482242,153.028905,Coros Wearables
Biking,2019-09-20T22:42:42Z,2019-09-20T22:42:42Z,963,4091.899902,Active,Manual,182,138,2019-09-20T22:45:57Z,1073,-3,157,21.68,-27.482223,153.02879,Coros Wearables
Biking,2019-09-20T22:42:42Z,2019-09-20T22:42:42Z,963,4091.899902,Active,Manual,182,138,2019-09-20T22:45:59Z,1083,-3,157,20.75,-27.482193,153.028646,Coros Wearables
Biking,2019-09-20T22:42:42Z,2019-09-20T22:42:42Z,963,4091.899902,Active,Manual,182,138,2019-09-20T22:46:01Z,1093,-3,157,18.67,-27.482161,153.02853,Coros Wearables
Biking,2019-09-20T22:42:42Z,2019-09-20T22:42:42Z,963,4091.899902,Active,Manual,182,138,2019-09-20T22:46:03Z,1102.5,-3,157,18.129999,-27.482142,153.028441,Coros Wearables
Biking,2019-09-20T22:42:42Z,2019-09-20T22:42:42Z,963,4091.899902,Active,Manual,182,138,2019-09-20T22:46:05Z,1112.5,-3,157,17.76,-27.482139,153.028338,Coros Wearables
Biking,2019-09-20T22:42:42Z,2019-09-20T22:42:42Z,963,4091.899902,Active,Manual,182,138,2019-09-20T22:46:07Z,1123,-3,157,19.139999,-27.482141,153.028243,Coros Wearables
Biking,2019-09-20T22:42:42Z,2019-09-20T22:42:42Z,963,4091.899902,Active,Manual,182,138,2019-09-20T22:46:09Z,1133.5,-3,157,18.58,-27.482137,153.02814,Coros Wearables
Biking,2019-09-20T22:42:42Z,2019-09-20T22:42:42Z,963,4091.899902,Active,Manual,182,138,2019-09-20T22:46:11Z,1144.5,-3,156,19.540001,-27.482122,153.028032,Coros Wearables
Biking,2019-09-20T22:42:42Z,2019-09-20T22:42:42Z,963,4091.899902,Active,Manual,182,138,2019-09-20T22:46:13Z,1155.5,-3,156,18.209999,-27.482107,153.027926,Coros Wearables
Biking,2019-09-20T22:42:42Z,2019-09-20T22:42:42Z,963,4091.899902,Active,Manual,182,138,2019-09-20T22:46:15Z,1166,-2,157,19.860001,-27.482099,153.027816,Coros Wearables
Biking,2019-09-20T22:42:42Z,2019-09-20T22:42:42Z,963,4091.899902,Active,Manual,182,138,2019-09-20T22:46:17Z,1176,-2,157,17.379999,-27.482099,153.02771,Coros Wearables
Biking,2019-09-20T22:42:42Z,2019-09-20T22:42:42Z,963,4091.899902,Active,Manual,182,138,2019-09-20T22:46:19Z,1186,-2,156,18.469999,-27.482107,153.0276,Coros Wearables
Biking,2019-09-20T22:42:42Z,2019-09-20T22:42:42Z,963,4091.899902,Active,Manual,182,138,2019-09-20T22:46:21Z,1196,-2,156,18.02,-27.482121,153.027501,Coros Wearables
Biking,2019-09-20T22:42:42Z,2019-09-20T22:42:42Z,963,4091.899902,Active,Manual,182,138,2019-09-20T22:46:23Z,1205,-2,155,17.540001,-27.482147,153.027402,Coros Wearables
Biking,2019-09-20T22:42:42Z,2019-09-20T22:42:42Z,963,4091.899902,Active,Manual,182,138,2019-09-20T22:46:25Z,1213,-1,154,13.46,-27.482185,153.027309,Coros Wearables
Biking,2019-09-20T22:42:42Z,2019-09-20T22:42:42Z,963,4091.899902,Active,Manual,182,138,2019-09-20T22:46:27Z,1220.5,-1,154,14.6,-27.482226,153.027231,Coros Wearables
Biking,2019-09-20T22:42:42Z,2019-09-20T22:42:42Z,963,4091.899902,Active,Manual,182,138,2019-09-20T22:46:29Z,1228.5,-1,154,13.27,-27.482268,153.027173,Coros Wearables
Biking,2019-09-20T22:42:42Z,2019-09-20T22:42:42Z,963,4091.899902,Active,Manual,182,138,2019-09-20T22:46:31Z,1237.5,0,149,16.48,-27.482312,153.027112,Coros Wearables
Biking,2019-09-20T22:42:42Z,2019-09-20T22:42:42Z,963,4091.899902,Active,Manual,182,138,2019-09-20T22:46:33Z,1246,0,145,15.68,-27.482358,153.027052,Coros Wearables
Biking,2019-09-20T22:42:42Z,2019-09-20T22:42:42Z,963,4091.899902,Active,Manual,182,138,2019-09-20T22:46:35Z,1255,0,137,15.31,-27.482404,153.026975,Coros Wearables
Biking,2019-09-20T22:42:42Z,2019-09-20T22:42:42Z,963,4091.899902,Active,Manual,182,138,2019-09-20T22:46:37Z,1266,0,137,17.969999,-27.482418,153.026891,Coros Wearables
Biking,2019-09-20T22:42:42Z,2019-09-20T22:42:42Z,963,4091.899902,Active,Manual,182,138,2019-09-20T22:46:39Z,1280.5,0,137,21.52,-27.482404,153.026802,Coros Wearables
Biking,2019-09-20T22:42:42Z,2019-09-20T22:42:42Z,963,4091.899902,Active,Manual,182,138,2019-09-20T22:46:41Z,1297,0,137,28.67,-27.482403,153.026694,Coros Wearables
Biking,2019-09-20T22:42:42Z,2019-09-20T22:42:42Z,963,4091.899902,Active,Manual,182,138,2019-09-20T22:46:43Z,1309.5,0,137,25.91,-27.482434,153.026568,Coros Wearables
Biking,2019-09-20T22:42:42Z,2019-09-20T22:42:42Z,963,4091.899902,Active,Manual,182,138,2019-09-20T22:46:45Z,1319,0,137,20.77,-27.482505,153.026392,Coros Wearables
Biking,2019-09-20T22:42:42Z,2019-09-20T22:42:42Z,963,4091.899902,Active,Manual,182,138,2019-09-20T22:46:47Z,1329,0,136,19.32,-27.48256,153.026282,Coros Wearables
Biking,2019-09-20T22:42:42Z,2019-09-20T22:42:42Z,963,4091.899902,Active,Manual,182,138,2019-09-20T22:46:49Z,1339,0,136,17.719999,-27.482599,153.026203,Coros Wearables
Biking,2019-09-20T22:42:42Z,2019-09-20T22:42:42Z,963,4091.899902,Active,Manual,182,138,2019-09-20T22:46:51Z,1349,0,136,17.209999,-27.482647,153.026116,Coros Wearables
Biking,2019-09-20T22:42:42Z,2019-09-20T22:42:42Z,963,4091.899902,Active,Manual,182,138,2019-09-20T22:46:53Z,1360,0,138,18.809999,-27.482671,153.026022,Coros Wearables
Biking,2019-09-20T22:42:42Z,2019-09-20T22:42:42Z,963,4091.899902,Active,Manual,182,138,2019-09-20T22:46:55Z,1373,0,135,21.52,-27.482661,153.025924,Coros Wearables
Biking,2019-09-20T22:42:42Z,2019-09-20T22:42:42Z,963,4091.899902,Active,Manual,182,138,2019-09-20T22:46:57Z,1386,0,135,22.309999,-27.482612,153.025828,Coros Wearables
Biking,2019-09-20T22:42:42Z,2019-09-20T22:42:42Z,963,4091.899902,Active,Manual,182,138,2019-09-20T22:46:59Z,1396,0,134,20.43,-27.482538,153.025736,Coros Wearables
Biking,2019-09-20T22:42:42Z,2019-09-20T22:42:42Z,963,4091.899902,Active,Manual,182,138,2019-09-20T22:47:01Z,1404.5,0,133,17.940001,-27.482444,153.025633,Coros Wearables
Biking,2019-09-20T22:42:42Z,2019-09-20T22:42:42Z,963,4091.899902,Active,Manual,182,138,2019-09-20T22:47:03Z,1414,0,133,16.299999,-27.482392,153.025566,Coros Wearables
Biking,2019-09-20T22:42:42Z,2019-09-20T22:42:42Z,963,4091.899902,Active,Manual,182,138,2019-09-20T22:47:05Z,1423.5,0,133,18.17,-27.48234,153.025492,Coros Wearables
Biking,2019-09-20T22:42:42Z,2019-09-20T22:42:42Z,963,4091.899902,Active,Manual,182,138,2019-09-20T22:47:07Z,1432.5,0,131,15.99,-27.482289,153.025418,Coros Wearables
Biking,2019-09-20T22:42:42Z,2019-09-20T22:42:42Z,963,4091.899902,Active,Manual,182,138,2019-09-20T22:47:09Z,1441,0,131,16.24,-27.482227,153.02535,Coros Wearables
Biking,2019-09-20T22:42:42Z,2019-09-20T22:42:42Z,963,4091.899902,Active,Manual,182,138,2019-09-20T22:47:11Z,1450,-1,131,15.42,-27.482155,153.025307,Coros Wearables
Biking,2019-09-20T22:42:42Z,2019-09-20T22:42:42Z,963,4091.899902,Active,Manual,182,138,2019-09-20T22:47:13Z,1460.5,-1,131,17.41,-27.482079,153.025307,Coros Wearables
Biking,2019-09-20T22:42:42Z,2019-09-20T22:42:42Z,963,4091.899902,Active,Manual,182,138,2019-09-20T22:47:15Z,1471,-1,131,18.969999,-27.482025,153.025376,Coros Wearables
Biking,2019-09-20T22:42:42Z,2019-09-20T22:42:42Z,963,4091.899902,Active,Manual,182,138,2019-09-20T22:47:17Z,1480,-1,130,17.389999,-27.481987,153.025471,Coros Wearables
Biking,2019-09-20T22:42:42Z,2019-09-20T22:42:42Z,963,4091.899902,Active,Manual,182,138,2019-09-20T22:47:19Z,1488.5,-1,129,14.02,-27.481948,153.025567,Coros Wearables
Biking,2019-09-20T22:42:42Z,2019-09-20T22:42:42Z,963,4091.899902,Active,Manual,182,138,2019-09-20T22:47:21Z,1497.5,0,128,17.58,-27.48191,153.025648,Coros Wearables
Biking,2019-09-20T22:42:42Z,2019-09-20T22:42:42Z,963,4091.899902,Active,Manual,182,138,2019-09-20T22:47:23Z,1506,0,128,14.18,-27.481874,153.025719,Coros Wearables
Biking,2019-09-20T22:42:42Z,2019-09-20T22:42:42Z,963,4091.899902,Active,Manual,182,138,2019-09-20T22:47:25Z,1514.5,0,128,15.04,-27.481834,153.025806,Coros Wearables
Biking,2019-09-20T22:42:42Z,2019-09-20T22:42:42Z,963,4091.899902,Active,Manual,182,138,2019-09-20T22:47:27Z,1523,0,128,15.03,-27.481796,153.025879,Coros Wearables
Biking,2019-09-20T22:42:42Z,2019-09-20T22:42:42Z,963,4091.899902,Active,Manual,182,138,2019-09-20T22:47:29Z,1530.5,0,129,14.43,-27.481759,153.025951,Coros Wearables
Biking,2019-09-20T22:42:42Z,2019-09-20T22:42:42Z,963,4091.899902,Active,Manual,182,138,2019-09-20T22:47:31Z,1537.5,1,129,13.5,-27.481712,153.026016,Coros Wearables
Biking,2019-09-20T22:42:42Z,2019-09-20T22:42:42Z,963,4091.899902,Active,Manual,182,138,2019-09-20T22:47:33Z,1544,1,129,11.56,-27.481657,153.026067,Coros Wearables
Biking,2019-09-20T22:42:42Z,2019-09-20T22:42:42Z,963,4091.899902,Active,Manual,182,138,2019-09-20T22:47:35Z,1551,1,127,12.42,-27.4816,153.026099,Coros Wearables
Biking,2019-09-20T22:42:42Z,2019-09-20T22:42:42Z,963,4091.899902,Active,Manual,182,138,2019-09-20T22:47:37Z,1559.5,1,127,14.54,-27.481557,153.026138,Coros Wearables
Biking,2019-09-20T22:42:42Z,2019-09-20T22:42:42Z,963,4091.899902,Active,Manual,182,138,2019-09-20T22:47:39Z,1568.5,1,126,15.71,-27.481514,153.026192,Coros Wearables
Biking,2019-09-20T22:42:42Z,2019-09-20T22:42:42Z,963,4091.899902,Active,Manual,182,138,2019-09-20T22:47:41Z,1577.5,2,126,16.15,-27.481466,153.026257,Coros Wearables
Biking,2019-09-20T22:42:42Z,2019-09-20T22:42:42Z,963,4091.899902,Active,Manual,182,138,2019-09-20T22:47:43Z,1586.5,2,126,16.49,-27.481415,153.026325,Coros Wearables
Biking,2019-09-20T22:42:42Z,2019-09-20T22:42:42Z,963,4091.899902,Active,Manual,182,138,2019-09-20T22:47:45Z,1596,3,126,17.35,-27.481359,153.026391,Coros Wearables
Biking,2019-09-20T22:42:42Z,2019-09-20T22:42:42Z,963,4091.899902,Active,Manual,182,138,2019-09-20T22:47:47Z,1605.5,3,129,17.09,-27.481295,153.026452,Coros Wearables
Biking,2019-09-20T22:42:42Z,2019-09-20T22:42:42Z,963,4091.899902,Active,Manual,182,138,2019-09-20T22:47:49Z,1614.5,3,132,16.549999,-27.481226,153.026511,Coros Wearables
Biking,2019-09-20T22:42:42Z,2019-09-20T22:42:42Z,963,4091.899902,Active,Manual,182,138,2019-09-20T22:47:51Z,1624,3,135,16.18,-27.481156,153.026566,Coros Wearables
Biking,2019-09-20T22:42:42Z,2019-09-20T22:42:42Z,963,4091.899902,Active,Manual,182,138,2019-09-20T22:47:53Z,1633.5,3,135,16.059999,-27.481088,153.026618,Coros Wearables
Biking,2019-09-20T22:42:42Z,2019-09-20T22:42:42Z,963,4091.899902,Active,Manual,182,138,2019-09-20T22:47:55Z,1643,4,135,16.73,-27.481019,153.026673,Coros Wearables
Biking,2019-09-20T22:42:42Z,2019-09-20T22:42:42Z,963,4091.899902,Active,Manual,182,138,2019-09-20T22:47:57Z,1653,4,135,17.700001,-27.480954,153.026723,Coros Wearables
Biking,2019-09-20T22:42:42Z,2019-09-20T22:42:42Z,963,4091.899902,Active,Manual,182,138,2019-09-20T22:47:59Z,1663.5,4,140,18.790001,-27.480844,153.026802,Coros Wearables
Biking,2019-09-20T22:42:42Z,2019-09-20T22:42:42Z,963,4091.899902,Active,Manual,182,138,2019-09-20T22:48:01Z,1674.5,4,139,19.9,-27.480808,153.026831,Coros Wearables
Biking,2019-09-20T22:42:42Z,2019-09-20T22:42:42Z,963,4091.899902,Active,Manual,182,138,2019-09-20T22:48:03Z,1686,4,140,21,-27.480731,153.026895,Coros Wearables
Biking,2019-09-20T22:42:42Z,2019-09-20T22:42:42Z,963,4091.899902,Active,Manual,182,138,2019-09-20T22:48:05Z,1700,3,140,21.4,-27.480644,153.026956,Coros Wearables
Biking,2019-09-20T22:42:42Z,2019-09-20T22:42:42Z,963,4091.899902,Active,Manual,182,138,2019-09-20T22:48:07Z,1715,3,140,24.52,-27.480556,153.027019,Coros Wearables
Biking,2019-09-20T22:42:42Z,2019-09-20T22:42:42Z,963,4091.899902,Active,Manual,182,138,2019-09-20T22:48:09Z,1729.5,3,140,25.459999,-27.480461,153.027085,Coros Wearables
Biking,2019-09-20T22:42:42Z,2019-09-20T22:42:42Z,963,4091.899902,Active,Manual,182,138,2019-09-20T22:48:11Z,1745,2,140,27.280001,-27.480332,153.027166,Coros Wearables
Biking,2019-09-20T22:42:42Z,2019-09-20T22:42:42Z,963,4091.899902,Active,Manual,182,138,2019-09-20T22:48:13Z,1761,2,140,27.77,-27.48022,153.027245,Coros Wearables
Biking,2019-09-20T22:42:42Z,2019-09-20T22:42:42Z,963,4091.899902,Active,Manual,182,138,2019-09-20T22:48:15Z,1777.5,2,140,28.68,-27.480107,153.027334,Coros Wearables
Biking,2019-09-20T22:42:42Z,2019-09-20T22:42:42Z,963,4091.899902,Active,Manual,182,138,2019-09-20T22:48:17Z,1794,2,140,29.700001,-27.480005,153.027442,Coros Wearables
Biking,2019-09-20T22:42:42Z,2019-09-20T22:42:42Z,963,4091.899902,Active,Manual,182,138,2019-09-20T22:48:19Z,1810,2,141,28.959999,-27.479908,153.027575,Coros Wearables
Biking,2019-09-20T22:42:42Z,2019-09-20T22:42:42Z,963,4091.899902,Active,Manual,182,138,2019-09-20T22:48:21Z,1826.5,1,144,29.940001,-27.479814,153.027701,Coros Wearables
Biking,2019-09-20T22:42:42Z,2019-09-20T22:42:42Z,963,4091.899902,Active,Manual,182,138,2019-09-20T22:48:23Z,1845,1,145,30.549999,-27.479717,153.027823,Coros Wearables
Biking,2019-09-20T22:42:42Z,2019-09-20T22:42:42Z,963,4091.899902,Active,Manual,182,138,2019-09-20T22:48:25Z,1863.5,-1,145,34.490002,-27.479619,153.027954,Coros Wearables
Biking,2019-09-20T22:42:42Z,2019-09-20T22:42:42Z,963,4091.899902,Active,Manual,182,138,2019-09-20T22:48:27Z,1880.5,-1,144,30.27,-27.47952,153.028101,Coros Wearables
Biking,2019-09-20T22:42:42Z,2019-09-20T22:42:42Z,963,4091.899902,Active,Manual,182,138,2019-09-20T22:48:29Z,1897,-1,144,31.139999,-27.479407,153.028247,Coros Wearables
Biking,2019-09-20T22:42:42Z,2019-09-20T22:42:42Z,963,4091.899902,Active,Manual,182,138,2019-09-20T22:48:31Z,1912.5,-2,143,28.43,-27.479313,153.02837,Coros Wearables
Biking,2019-09-20T22:42:42Z,2019-09-20T22:42:42Z,963,4091.899902,Active,Manual,182,138,2019-09-20T22:48:33Z,1926,-2,143,26.639999,-27.479214,153.028492,Coros Wearables
Biking,2019-09-20T22:42:42Z,2019-09-20T22:42:42Z,963,4091.899902,Active,Manual,182,138,2019-09-20T22:48:35Z,1936,-3,143,22.049999,-27.479096,153.028576,Coros Wearables
Biking,2019-09-20T22:42:42Z,2019-09-20T22:42:42Z,963,4091.899902,Active,Manual,182,138,2019-09-20T22:48:37Z,1945,-3,146,16.950001,-27.478979,153.028628,Coros Wearables
Biking,2019-09-20T22:42:42Z,2019-09-20T22:42:42Z,963,4091.899902,Active,Manual,182,138,2019-09-20T22:48:39Z,1955.5,-3,147,18.35,-27.478904,153.028694,Coros Wearables
Biking,2019-09-20T22:42:42Z,2019-09-20T22:42:42Z,963,4091.899902,Active,Manual,182,138,2019-09-20T22:48:41Z,1966.5,-4,144,20.5,-27.478894,153.028773,Coros Wearables
Biking,2019-09-20T22:42:42Z,2019-09-20T22:42:42Z,963,4091.899902,Active,Manual,182,138,2019-09-20T22:48:43Z,1977.5,-4,144,17.68,-27.478898,153.02888,Coros Wearables
Biking,2019-09-20T22:42:42Z,2019-09-20T22:42:42Z,963,4091.899902,Active,Manual,182,138,2019-09-20T22:48:45Z,1990.5,-4,145,21.33,-27.478925,153.028989,Coros Wearables
Biking,2019-09-20T22:42:42Z,2019-09-20T22:42:42Z,963,4091.899902,Active,Manual,182,138,2019-09-20T22:48:47Z,2003.5,-4,144,22.57,-27.478992,153.029058,Coros Wearables
Biking,2019-09-20T22:42:42Z,2019-09-20T22:42:42Z,963,4091.899902,Active,Manual,182,138,2019-09-20T22:48:49Z,2015.5,-4,144,20.58,-27.479095,153.029118,Coros Wearables
Biking,2019-09-20T22:42:42Z,2019-09-20T22:42:42Z,963,4091.899902,Active,Manual,182,138,2019-09-20T22:48:51Z,2026.5,-5,144,21.25,-27.479205,153.029196,Coros Wearables
Biking,2019-09-20T22:42:42Z,2019-09-20T22:42:42Z,963,4091.899902,Active,Manual,182,138,2019-09-20T22:48:53Z,2035,-5,144,18.58,-27.47927,153.029261,Coros Wearables
Biking,2019-09-20T22:42:42Z,2019-09-20T22:42:42Z,963,4091.899902,Active,Manual,182,138,2019-09-20T22:48:55Z,2043.5,-5,144,14.05,-27.479348,153.02934,Coros Wearables
Biking,2019-09-20T22:42:42Z,2019-09-20T22:42:42Z,963,4091.899902,Active,Manual,182,138,2019-09-20T22:48:57Z,2053,-5,144,16.950001,-27.479391,153.02942,Coros Wearables
Biking,2019-09-20T22:42:42Z,2019-09-20T22:42:42Z,963,4091.899902,Active,Manual,182,138,2019-09-20T22:48:59Z,2063.5,-5,144,19.34,-27.479398,153.029501,Coros Wearables
Biking,2019-09-20T22:42:42Z,2019-09-20T22:42:42Z,963,4091.899902,Active,Manual,182,138,2019-09-20T22:49:01Z,2075,-5,144,20.370001,-27.479389,153.029596,Coros Wearables
Biking,2019-09-20T22:42:42Z,2019-09-20T22:42:42Z,963,4091.899902,Active,Manual,182,138,2019-09-20T22:49:03Z,2086,-5,144,19.780001,-27.479373,153.029707,Coros Wearables
Biking,2019-09-20T22:42:42Z,2019-09-20T22:42:42Z,963,4091.899902,Active,Manual,182,138,2019-09-20T22:49:05Z,2096,-6,144,19.17,-27.479348,153.029817,Coros Wearables
Biking,2019-09-20T22:42:42Z,2019-09-20T22:42:42Z,963,4091.899902,Active,Manual,182,138,2019-09-20T22:49:07Z,2106,-6,144,17.559999,-27.479309,153.029915,Coros Wearables
Biking,2019-09-20T22:42:42Z,2019-09-20T22:42:42Z,963,4091.899902,Active,Manual,182,138,2019-09-20T22:49:09Z,2116.5,-6,146,17.43,-27.47926,153.030007,Coros Wearables
Biking,2019-09-20T22:42:42Z,2019-09-20T22:42:42Z,963,4091.899902,Active,Manual,182,138,2019-09-20T22:49:11Z,2127,-5,146,19.889999,-27.479223,153.030096,Coros Wearables
Biking,2019-09-20T22:42:42Z,2019-09-20T22:42:42Z,963,4091.899902,Active,Manual,182,138,2019-09-20T22:49:13Z,2136,-5,140,16.98,-27.479184,153.030192,Coros Wearables
Biking,2019-09-20T22:42:42Z,2019-09-20T22:42:42Z,963,4091.899902,Active,Manual,182,138,2019-09-20T22:49:15Z,2144.5,-5,138,14.72,-27.479133,153.030285,Coros Wearables
Biking,2019-09-20T22:42:42Z,2019-09-20T22:42:42Z,963,4091.899902,Active,Manual,182,138,2019-09-20T22:49:17Z,2153.5,-5,138,15.26,-27.479083,153.030356,Coros Wearables
Biking,2019-09-20T22:42:42Z,2019-09-20T22:42:42Z,963,4091.899902,Active,Manual,182,138,2019-09-20T22:49:19Z,2162.5,-5,138,15.83,-27.479031,153.030418,Coros Wearables
Biking,2019-09-20T22:42:42Z,2019-09-20T22:42:42Z,963,4091.899902,Active,Manual,182,138,2019-09-20T22:49:21Z,2172,-5,135,18,-27.478971,153.030472,Coros Wearables
Biking,2019-09-20T22:42:42Z,2019-09-20T22:42:42Z,963,4091.899902,Active,Manual,182,138,2019-09-20T22:49:23Z,2181.5,-5,135,17.450001,-27.478902,153.030517,Coros Wearables
Biking,2019-09-20T22:42:42Z,2019-09-20T22:42:42Z,963,4091.899902,Active,Manual,182,138,2019-09-20T22:49:25Z,2191,-5,136,16.83,-27.478823,153.030569,Coros Wearables
Biking,2019-09-20T22:42:42Z,2019-09-20T22:42:42Z,963,4091.899902,Active,Manual,182,138,2019-09-20T22:49:27Z,2200,-5,136,16.959999,-27.478749,153.030614,Coros Wearables
Biking,2019-09-20T22:42:42Z,2019-09-20T22:42:42Z,963,4091.899902,Active,Manual,182,138,2019-09-20T22:49:29Z,2209,-5,134,15.6,-27.478677,153.030664,Coros Wearables
Biking,2019-09-20T22:42:42Z,2019-09-20T22:42:42Z,963,4091.899902,Active,Manual,182,138,2019-09-20T22:49:31Z,2218.5,-4,132,16.959999,-27.478606,153.03071,Coros Wearables
Biking,2019-09-20T22:42:42Z,2019-09-20T22:42:42Z,963,4091.899902,Active,Manual,182,138,2019-09-20T22:49:33Z,2228,-4,131,16.280001,-27.478535,153.030754,Coros Wearables
Biking,2019-09-20T22:42:42Z,2019-09-20T22:42:42Z,963,4091.899902,Active,Manual,182,138,2019-09-20T22:49:35Z,2238.5,-4,131,18.950001,-27.478464,153.030798,Coros Wearables
Biking,2019-09-20T22:42:42Z,2019-09-20T22:42:42Z,963,4091.899902,Active,Manual,182,138,2019-09-20T22:49:37Z,2249,-4,134,19.139999,-27.47839,153.030847,Coros Wearables
Biking,2019-09-20T22:42:42Z,2019-09-20T22:42:42Z,963,4091.899902,Active,Manual,182,138,2019-09-20T22:49:39Z,2259,-4,132,18.610001,-27.478308,153.030901,Coros Wearables
Biking,2019-09-20T22:42:42Z,2019-09-20T22:42:42Z,963,4091.899902,Active,Manual,182,138,2019-09-20T22:49:41Z,2268,-4,131,16.639999,-27.478224,153.030952,Coros Wearables
Biking,2019-09-20T22:42:42Z,2019-09-20T22:42:42Z,963,4091.899902,Active,Manual,182,138,2019-09-20T22:49:43Z,2277,-4,128,16.34,-27.478145,153.031003,Coros Wearables
Biking,2019-09-20T22:42:42Z,2019-09-20T22:42:42Z,963,4091.899902,Active,Manual,182,138,2019-09-20T22:49:45Z,2287,-3,127,18.26,-27.478075,153.031047,Coros Wearables
Biking,2019-09-20T22:42:42Z,2019-09-20T22:42:42Z,963,4091.899902,Active,Manual,182,138,2019-09-20T22:49:47Z,2296.5,-3,127,16.02,-27.477998,153.031086,Coros Wearables
Biking,2019-09-20T22:42:42Z,2019-09-20T22:42:42Z,963,4091.899902,Active,Manual,182,138,2019-09-20T22:49:49Z,2306,-3,126,17.27,-27.477915,153.031123,Coros Wearables
Biking,2019-09-20T22:42:42Z,2019-09-20T22:42:42Z,963,4091.899902,Active,Manual,182,138,2019-09-20T22:49:51Z,2316,-4,126,18.91,-27.477845,153.03116,Coros Wearables
Biking,2019-09-20T22:42:42Z,2019-09-20T22:42:42Z,963,4091.899902,Active,Manual,182,138,2019-09-20T22:49:53Z,2326.5,-4,126,17.540001,-27.47776,153.031194,Coros Wearables
Biking,2019-09-20T22:42:42Z,2019-09-20T22:42:42Z,963,4091.899902,Active,Manual,182,138,2019-09-20T22:49:55Z,2339,-4,126,20.59,-27.47767,153.031215,Coros Wearables
Biking,2019-09-20T22:42:42Z,2019-09-20T22:42:42Z,963,4091.899902,Active,Manual,182,138,2019-09-20T22:49:57Z,2352.5,-4,127,20.969999,-27.477581,153.031241,Coros Wearables
Biking,2019-09-20T22:42:42Z,2019-09-20T22:42:42Z,963,4091.899902,Active,Manual,182,138,2019-09-20T22:49:59Z,2365.5,-4,127,23.01,-27.47748,153.03128,Coros Wearables
Biking,2019-09-20T22:42:42Z,2019-09-20T22:42:42Z,963,4091.899902,Active,Manual,182,138,2019-09-20T22:50:01Z,2378,-4,127,23.200001,-27.477371,153.031317,Coros Wearables
Biking,2019-09-20T22:42:42Z,2019-09-20T22:42:42Z,963,4091.899902,Active,Manual,182,138,2019-09-20T22:50:03Z,2389,-4,127,22.02,-27.477245,153.03136,Coros Wearables
Biking,2019-09-20T22:42:42Z,2019-09-20T22:42:42Z,963,4091.899902,Active,Manual,182,138,2019-09-20T22:50:05Z,2401,-4,127,22.389999,-27.477136,153.031387,Coros Wearables
Biking,2019-09-20T22:42:42Z,2019-09-20T22:42:42Z,963,4091.899902,Active,Manual,182,138,2019-09-20T22:50:07Z,2412.5,-4,128,21.530001,-27.477032,153.031411,Coros Wearables
Biking,2019-09-20T22:42:42Z,2019-09-20T22:42:42Z,963,4091.899902,Active,Manual,182,138,2019-09-20T22:50:09Z,2424.5,-4,128,19.48,-27.476921,153.031429,Coros Wearables
Biking,2019-09-20T22:42:42Z,2019-09-20T22:42:42Z,963,4091.899902,Active,Manual,182,138,2019-09-20T22:50:11Z,2439,-4,128,23.690001,-27.47683,153.03144,Coros Wearables
Biking,2019-09-20T22:42:42Z,2019-09-20T22:42:42Z,963,4091.899902,Active,Manual,182,138,2019-09-20T22:50:13Z,2452,-4,128,23.84,-27.476731,153.031442,Coros Wearables
Biking,2019-09-20T22:42:42Z,2019-09-20T22:42:42Z,963,4091.899902,Active,Manual,182,138,2019-09-20T22:50:15Z,2464,-4,128,22.26,-27.476589,153.031451,Coros Wearables
Biking,2019-09-20T22:42:42Z,2019-09-20T22:42:42Z,963,4091.899902,Active,Manual,182,138,2019-09-20T22:50:17Z,2475,-4,128,21.23,-27.476473,153.031458,Coros Wearables
Biking,2019-09-20T22:42:42Z,2019-09-20T22:42:42Z,963,4091.899902,Active,Manual,182,138,2019-09-20T22:50:19Z,2488,-4,128,22.459999,-27.476364,153.031458,Coros Wearables
Biking,2019-09-20T22:42:42Z,2019-09-20T22:42:42Z,963,4091.899902,Active,Manual,182,138,2019-09-20T22:50:21Z,2502,-4,128,22.93,-27.476273,153.031454,Coros Wearables
Biking,2019-09-20T22:42:42Z,2019-09-20T22:42:42Z,963,4091.899902,Active,Manual,182,138,2019-09-20T22:50:23Z,2512.5,-4,128,21.76,-27.476145,153.031436,Coros Wearables
Biking,2019-09-20T22:42:42Z,2019-09-20T22:42:42Z,963,4091.899902,Active,Manual,182,138,2019-09-20T22:50:25Z,2523,-4,128,20.07,-27.476032,153.031424,Coros Wearables
Biking,2019-09-20T22:42:42Z,2019-09-20T22:42:42Z,963,4091.899902,Active,Manual,182,138,2019-09-20T22:50:27Z,2534,-4,128,20.870001,-27.475926,153.03141,Coros Wearables
Biking,2019-09-20T22:42:42Z,2019-09-20T22:42:42Z,963,4091.899902,Active,Manual,182,138,2019-09-20T22:50:29Z,2544,-4,128,18.26,-27.475843,153.031393,Coros Wearables
Biking,2019-09-20T22:42:42Z,2019-09-20T22:42:42Z,963,4091.899902,Active,Manual,182,138,2019-09-20T22:50:31Z,2554.5,-4,127,18.969999,-27.475748,153.031372,Coros Wearables
Biking,2019-09-20T22:42:42Z,2019-09-20T22:42:42Z,963,4091.899902,Active,Manual,182,138,2019-09-20T22:50:33Z,2565.5,-4,127,19.610001,-27.475656,153.031363,Coros Wearables
Biking,2019-09-20T22:42:42Z,2019-09-20T22:42:42Z,963,4091.899902,Active,Manual,182,138,2019-09-20T22:50:35Z,2578,-4,130,19.370001,-27.475561,153.031351,Coros Wearables
Biking,2019-09-20T22:42:42Z,2019-09-20T22:42:42Z,963,4091.899902,Active,Manual,182,138,2019-09-20T22:50:37Z,2589.5,-4,130,21.059999,-27.475465,153.031336,Coros Wearables
Biking,2019-09-20T22:42:42Z,2019-09-20T22:42:42Z,963,4091.899902,Active,Manual,182,138,2019-09-20T22:50:39Z,2599.5,-4,130,20.34,-27.475364,153.031314,Coros Wearables
Biking,2019-09-20T22:42:42Z,2019-09-20T22:42:42Z,963,4091.899902,Active,Manual,182,138,2019-09-20T22:50:41Z,2611,-4,130,20.370001,-27.475257,153.031294,Coros Wearables
Biking,2019-09-20T22:42:42Z,2019-09-20T22:42:42Z,963,4091.899902,Active,Manual,182,138,2019-09-20T22:50:43Z,2623,-4,130,20.629999,-27.475161,153.031279,Coros Wearables
Biking,2019-09-20T22:42:42Z,2019-09-20T22:42:42Z,963,4091.899902,Active,Manual,182,138,2019-09-20T22:50:45Z,2636,-4,126,22.92,-27.475061,153.031263,Coros Wearables
Biking,2019-09-20T22:42:42Z,2019-09-20T22:42:42Z,963,4091.899902,Active,Manual,182,138,2019-09-20T22:50:47Z,2646.5,-4,126,19.700001,-27.474958,153.031244,Coros Wearables
Biking,2019-09-20T22:42:42Z,2019-09-20T22:42:42Z,963,4091.899902,Active,Manual,182,138,2019-09-20T22:50:49Z,2654,-4,125,16.32,-27.474829,153.031217,Coros Wearables
Biking,2019-09-20T22:42:42Z,2019-09-20T22:42:42Z,963,4091.899902,Active,Manual,182,138,2019-09-20T22:50:51Z,2663.5,-4,125,15.4,-27.474751,153.031194,Coros Wearables
Biking,2019-09-20T22:42:42Z,2019-09-20T22:42:42Z,963,4091.899902,Active,Manual,182,138,2019-09-20T22:50:53Z,2677,-4,128,19.870001,-27.474693,153.031146,Coros Wearables
Biking,2019-09-20T22:42:42Z,2019-09-20T22:42:42Z,963,4091.899902,Active,Manual,182,138,2019-09-20T22:50:55Z,2692,-5,128,25.01,-27.47465,153.031067,Coros Wearables
Biking,2019-09-20T22:42:42Z,2019-09-20T22:42:42Z,963,4091.899902,Active,Manual,182,138,2019-09-20T22:50:57Z,2705,-5,129,24.950001,-27.474607,153.030957,Coros Wearables
Biking,2019-09-20T22:42:42Z,2019-09-20T22:42:42Z,963,4091.899902,Active,Manual,182,138,2019-09-20T22:50:59Z,2717,-5,129,22.540001,-27.474559,153.030796,Coros Wearables
Biking,2019-09-20T22:42:42Z,2019-09-20T22:42:42Z,963,4091.899902,Active,Manual,182,138,2019-09-20T22:51:01Z,2727,-5,126,19.709999,-27.474523,153.030668,Coros Wearables
Biking,2019-09-20T22:42:42Z,2019-09-20T22:42:42Z,963,4091.899902,Active,Manual,182,138,2019-09-20T22:51:03Z,2735,-5,126,16.870001,-27.474488,153.030547,Coros Wearables
Biking,2019-09-20T22:42:42Z,2019-09-20T22:42:42Z,963,4091.899902,Active,Manual,182,138,2019-09-20T22:51:05Z,2743.5,-5,129,16.4,-27.474467,153.030464,Coros Wearables
Biking,2019-09-20T22:42:42Z,2019-09-20T22:42:42Z,963,4091.899902,Active,Manual,182,138,2019-09-20T22:51:07Z,2753,-5,133,15.75,-27.474446,153.03038,Coros Wearables
Biking,2019-09-20T22:42:42Z,2019-09-20T22:42:42Z,963,4091.899902,Active,Manual,182,138,2019-09-20T22:51:09Z,2763.5,-5,140,17.379999,-27.474429,153.030291,Coros Wearables
Biking,2019-09-20T22:42:42Z,2019-09-20T22:42:42Z,963,4091.899902,Active,Manual,182,138,2019-09-20T22:51:11Z,2773.5,-5,139,19.059999,-27.474418,153.030199,Coros Wearables
Biking,2019-09-20T22:42:42Z,2019-09-20T22:42:42Z,963,4091.899902,Active,Manual,182,138,2019-09-20T22:51:13Z,2783,-5,139,16.690001,-27.474397,153.030099,Coros Wearables
Biking,2019-09-20T22:42:42Z,2019-09-20T22:42:42Z,963,4091.899902,Active,Manual,182,138,2019-09-20T22:51:15Z,2793,-5,140,18.82,-27.474367,153.030003,Coros Wearables
Biking,2019-09-20T22:42:42Z,2019-09-20T22:42:42Z,963,4091.899902,Active,Manual,182,138,2019-09-20T22:51:17Z,2803,-5,141,18.629999,-27.474331,153.029918,Coros Wearables
Biking,2019-09-20T22:42:42Z,2019-09-20T22:42:42Z,963,4091.899902,Active,Manual,182,138,2019-09-20T22:51:19Z,2813,-5,141,18.27,-27.474282,153.029826,Coros Wearables
Biking,2019-09-20T22:42:42Z,2019-09-20T22:42:42Z,963,4091.899902,Active,Manual,182,138,2019-09-20T22:51:21Z,2824,-6,142,18.26,-27.474237,153.02974,Coros Wearables
Biking,2019-09-20T22:42:42Z,2019-09-20T22:42:42Z,963,4091.899902,Active,Manual,182,138,2019-09-20T22:51:23Z,2837,-6,143,21.23,-27.474192,153.029653,Coros Wearables
Biking,2019-09-20T22:42:42Z,2019-09-20T22:42:42Z,963,4091.899902,Active,Manual,182,138,2019-09-20T22:51:25Z,2850.5,-6,143,22.18,-27.474134,153.029565,Coros Wearables
Biking,2019-09-20T22:42:42Z,2019-09-20T22:42:42Z,963,4091.899902,Active,Manual,182,138,2019-09-20T22:51:27Z,2862,-6,143,22.16,-27.474066,153.029468,Coros Wearables
Biking,2019-09-20T22:42:42Z,2019-09-20T22:42:42Z,963,4091.899902,Active,Manual,182,138,2019-09-20T22:51:29Z,2871.5,-6,144,19.65,-27.473968,153.02937,Coros Wearables
Biking,2019-09-20T22:42:42Z,2019-09-20T22:42:42Z,963,4091.899902,Active,Manual,182,138,2019-09-20T22:51:31Z,2881,-7,145,18.4,-27.473875,153.029307,Coros Wearables
Biking,2019-09-20T22:42:42Z,2019-09-20T22:42:42Z,963,4091.899902,Active,Manual,182,138,2019-09-20T22:51:33Z,2890.5,-7,145,16.799999,-27.473807,153.029267,Coros Wearables
Biking,2019-09-20T22:42:42Z,2019-09-20T22:42:42Z,963,4091.899902,Active,Manual,182,138,2019-09-20T22:51:35Z,2900,-7,145,17.049999,-27.473724,153.029227,Coros Wearables
Biking,2019-09-20T22:42:42Z,2019-09-20T22:42:42Z,963,4091.899902,Active,Manual,182,138,2019-09-20T22:51:37Z,2910,-7,146,17.49,-27.473645,153.029211,Coros Wearables
Biking,2019-09-20T22:42:42Z,2019-09-20T22:42:42Z,963,4091.899902,Active,Manual,182,138,2019-09-20T22:51:39Z,2921,-7,149,19.450001,-27.473566,153.029246,Coros Wearables
Biking,2019-09-20T22:42:42Z,2019-09-20T22:42:42Z,963,4091.899902,Active,Manual,182,138,2019-09-20T22:51:41Z,2932.5,-7,150,21.16,-27.473495,153.029302,Coros Wearables
Biking,2019-09-20T22:42:42Z,2019-09-20T22:42:42Z,963,4091.899902,Active,Manual,182,138,2019-09-20T22:51:43Z,2943.5,-7,150,20.870001,-27.473423,153.02938,Coros Wearables
Biking,2019-09-20T22:42:42Z,2019-09-20T22:42:42Z,963,4091.899902,Active,Manual,182,138,2019-09-20T22:51:45Z,2954,-7,150,19.18,-27.473345,153.02946,Coros Wearables
Biking,2019-09-20T22:42:42Z,2019-09-20T22:42:42Z,963,4091.899902,Active,Manual,182,138,2019-09-20T22:51:47Z,2964,-7,144,18.02,-27.473266,153.029528,Coros Wearables
Biking,2019-09-20T22:42:42Z,2019-09-20T22:42:42Z,963,4091.899902,Active,Manual,182,138,2019-09-20T22:51:49Z,2974,-7,142,18.219999,-27.473195,153.029599,Coros Wearables
Biking,2019-09-20T22:42:42Z,2019-09-20T22:42:42Z,963,4091.899902,Active,Manual,182,138,2019-09-20T22:51:51Z,2983.5,-7,142,17.27,-27.473135,153.029672,Coros Wearables
Biking,2019-09-20T22:42:42Z,2019-09-20T22:42:42Z,963,4091.899902,Active,Manual,182,138,2019-09-20T22:51:53Z,2992,-7,137,15.44,-27.473075,153.029749,Coros Wearables
Biking,2019-09-20T22:42:42Z,2019-09-20T22:42:42Z,963,4091.899902,Active,Manual,182,138,2019-09-20T22:51:55Z,3000,-7,135,13.59,-27.473012,153.029815,Coros Wearables
Biking,2019-09-20T22:42:42Z,2019-09-20T22:42:42Z,963,4091.899902,Active,Manual,182,138,2019-09-20T22:51:57Z,3008,-7,135,14.96,-27.472958,153.02987,Coros Wearables
Biking,2019-09-20T22:42:42Z,2019-09-20T22:42:42Z,963,4091.899902,Active,Manual,182,138,2019-09-20T22:51:59Z,3017,-7,135,15.47,-27.472915,153.02993,Coros Wearables
Biking,2019-09-20T22:42:42Z,2019-09-20T22:42:42Z,963,4091.899902,Active,Manual,182,138,2019-09-20T22:52:01Z,3027,-6,133,17.5,-27.47287,153.029999,Coros Wearables
Biking,2019-09-20T22:42:42Z,2019-09-20T22:42:42Z,963,4091.899902,Active,Manual,182,138,2019-09-20T22:52:03Z,3037.5,-6,132,19.82,-27.472848,153.030087,Coros Wearables
Biking,2019-09-20T22:42:42Z,2019-09-20T22:42:42Z,963,4091.899902,Active,Manual,182,138,2019-09-20T22:52:05Z,3047.5,-6,132,18.09,-27.47284,153.030187,Coros Wearables
Biking,2019-09-20T22:42:42Z,2019-09-20T22:42:42Z,963,4091.899902,Active,Manual,182,138,2019-09-20T22:52:07Z,3056.5,-6,131,16.309999,-27.47282,153.030296,Coros Wearables
Biking,2019-09-20T22:42:42Z,2019-09-20T22:42:42Z,963,4091.899902,Active,Manual,182,138,2019-09-20T22:52:09Z,3065,-6,130,15.86,-27.472794,153.030389,Coros Wearables
Biking,2019-09-20T22:42:42Z,2019-09-20T22:42:42Z,963,4091.899902,Active,Manual,182,138,2019-09-20T22:52:11Z,3074,-6,130,15.12,-27.472765,153.030475,Coros Wearables
Biking,2019-09-20T22:42:42Z,2019-09-20T22:42:42Z,963,4091.899902,Active,Manual,182,138,2019-09-20T22:52:13Z,3084,-6,130,16.809999,-27.47272,153.030544,Coros Wearables
Biking,2019-09-20T22:42:42Z,2019-09-20T22:42:42Z,963,4091.899902,Active,Manual,182,138,2019-09-20T22:52:15Z,3093.5,-6,130,18.52,-27.472651,153.030586,Coros Wearables
Biking,2019-09-20T22:42:42Z,2019-09-20T22:42:42Z,963,4091.899902,Active,Manual,182,138,2019-09-20T22:52:17Z,3102,-6,129,16.99,-27.472572,153.030623,Coros Wearables
Biking,2019-09-20T22:42:42Z,2019-09-20T22:42:42Z,963,4091.899902,Active,Manual,182,138,2019-09-20T22:52:19Z,3108,-6,129,13.37,-27.472485,153.030655,Coros Wearables
Biking,2019-09-20T22:42:42Z,2019-09-20T22:42:42Z,963,4091.899902,Active,Manual,182,138,2019-09-20T22:52:21Z,3111.5,-6,129,7.12,-27.472405,153.030669,Coros Wearables
Biking,2019-09-20T22:42:42Z,2019-09-20T22:42:42Z,963,4091.899902,Active,Manual,182,138,2019-09-20T22:52:23Z,3115.5,-6,129,7.82,-27.472348,153.030679,Coros Wearables
Biking,2019-09-20T22:42:42Z,2019-09-20T22:42:42Z,963,4091.899902,Active,Manual,182,138,2019-09-20T22:52:25Z,3123,-6,131,11.13,-27.472333,153.03069,Coros Wearables
Biking,2019-09-20T22:42:42Z,2019-09-20T22:42:42Z,963,4091.899902,Active,Manual,182,138,2019-09-20T22:52:27Z,3132.5,-6,132,13.83,-27.472307,153.030723,Coros Wearables
Biking,2019-09-20T22:42:42Z,2019-09-20T22:42:42Z,963,4091.899902,Active,Manual,182,138,2019-09-20T22:52:29Z,3142,-6,132,16.610001,-27.47225,153.030775,Coros Wearables
Biking,2019-09-20T22:42:42Z,2019-09-20T22:42:42Z,963,4091.899902,Active,Manual,182,138,2019-09-20T22:52:31Z,3152.5,-7,136,19.200001,-27.472182,153.030814,Coros Wearables
Biking,2019-09-20T22:42:42Z,2019-09-20T22:42:42Z,963,4091.899902,Active,Manual,182,138,2019-09-20T22:52:33Z,3163.5,-7,137,19.700001,-27.472126,153.030883,Coros Wearables
Biking,2019-09-20T22:42:42Z,2019-09-20T22:42:42Z,963,4091.899902,Active,Manual,182,138,2019-09-20T22:52:35Z,3174,-7,137,18.25,-27.472083,153.030985,Coros Wearables
Biking,2019-09-20T22:42:42Z,2019-09-20T22:42:42Z,963,4091.899902,Active,Manual,182,138,2019-09-20T22:52:37Z,3184.5,-7,138,19.200001,-27.472025,153.031073,Coros Wearables
Biking,2019-09-20T22:42:42Z,2019-09-20T22:42:42Z,963,4091.899902,Active,Manual,182,138,2019-09-20T22:52:39Z,3195,-7,136,18.620001,-27.47194,153.031108,Coros Wearables
Biking,2019-09-20T22:42:42Z,2019-09-20T22:42:42Z,963,4091.899902,Active,Manual,182,138,2019-09-20T22:52:41Z,3205,-7,136,17.99,-27.471843,153.031098,Coros Wearables
Biking,2019-09-20T22:42:42Z,2019-09-20T22:42:42Z,963,4091.899902,Active,Manual,182,138,2019-09-20T22:52:43Z,3215.5,-7,136,19.51,-27.471754,153.031075,Coros Wearables
Biking,2019-09-20T22:42:42Z,2019-09-20T22:42:42Z,963,4091.899902,Active,Manual,182,138,2019-09-20T22:52:45Z,3226.5,-7,136,20.190001,-27.471668,153.031053,Coros Wearables
Biking,2019-09-20T22:42:42Z,2019-09-20T22:42:42Z,963,4091.899902,Active,Manual,182,138,2019-09-20T22:52:47Z,3237,-7,136,19.02,-27.471569,153.031032,Coros Wearables
Biking,2019-09-20T22:42:42Z,2019-09-20T22:42:42Z,963,4091.899902,Active,Manual,182,138,2019-09-20T22:52:49Z,3247.5,-7,138,18.6,-27.47147,153.031026,Coros Wearables
Biking,2019-09-20T22:42:42Z,2019-09-20T22:42:42Z,963,4091.899902,Active,Manual,182,138,2019-09-20T22:52:51Z,3258.5,-7,137,19.639999,-27.471376,153.031013,Coros Wearables
Biking,2019-09-20T22:42:42Z,2019-09-20T22:42:42Z,963,4091.899902,Active,Manual,182,138,2019-09-20T22:52:53Z,3269,-7,137,19.41,-27.47129,153.030981,Coros Wearables
Biking,2019-09-20T22:42:42Z,2019-09-20T22:42:42Z,963,4091.899902,Active,Manual,182,138,2019-09-20T22:52:55Z,3279.5,-7,134,18.83,-27.471195,153.030952,Coros Wearables
Biking,2019-09-20T22:42:42Z,2019-09-20T22:42:42Z,963,4091.899902,Active,Manual,182,138,2019-09-20T22:52:57Z,3290,-7,134,19.280001,-27.471102,153.030928,Coros Wearables
Biking,2019-09-20T22:42:42Z,2019-09-20T22:42:42Z,963,4091.899902,Active,Manual,182,138,2019-09-20T22:52:59Z,3300.5,-7,134,19.49,-27.471013,153.030905,Coros Wearables
Biking,2019-09-20T22:42:42Z,2019-09-20T22:42:42Z,963,4091.899902,Active,Manual,182,138,2019-09-20T22:53:01Z,3311,-7,133,18.68,-27.470918,153.03088,Coros Wearables
Biking,2019-09-20T22:42:42Z,2019-09-20T22:42:42Z,963,4091.899902,Active,Manual,182,138,2019-09-20T22:53:03Z,3319,-7,135,16.200001,-27.470823,153.03087,Coros Wearables
Biking,2019-09-20T22:42:42Z,2019-09-20T22:42:42Z,963,4091.899902,Active,Manual,182,138,2019-09-20T22:53:05Z,3323.5,-7,132,10.46,-27.470728,153.030862,Coros Wearables
Biking,2019-09-20T22:42:42Z,2019-09-20T22:42:42Z,963,4091.899902,Active,Manual,182,138,2019-09-20T22:53:07Z,3325,-7,128,9.29,-27.470661,153.030873,Coros Wearables
Biking,2019-09-20T22:42:42Z,2019-09-20T22:42:42Z,963,4091.899902,Active,Manual,182,138,2019-09-20T22:53:09Z,3325,-7,128,9.29,-27.470628,153.030896,Coros Wearables
Biking,2019-09-20T22:42:42Z,2019-09-20T22:42:42Z,963,4091.899902,Active,Manual,182,138,2019-09-20T22:53:11Z,3325,-7,127,9.29,,,Coros Wearables
Biking,2019-09-20T22:42:42Z,2019-09-20T22:42:42Z,963,4091.899902,Active,Manual,182,138,2019-09-20T22:53:13Z,3325,-7,127,0,,,Coros Wearables
Biking,2019-09-20T22:42:42Z,2019-09-20T22:42:42Z,963,4091.899902,Active,Manual,182,138,2019-09-20T22:53:15Z,3325,-7,127,0,,,Coros Wearables
Biking,2019-09-20T22:42:42Z,2019-09-20T22:42:42Z,963,4091.899902,Active,Manual,182,138,2019-09-20T22:53:17Z,3350.5,-7,127,0,-27.470519,153.030912,Coros Wearables
Biking,2019-09-20T22:42:42Z,2019-09-20T22:42:42Z,963,4091.899902,Active,Manual,182,138,2019-09-20T22:53:19Z,3381,-7,127,17.889999,-27.470519,153.030912,Coros Wearables
Biking,2019-09-20T22:42:42Z,2019-09-20T22:42:42Z,963,4091.899902,Active,Manual,182,138,2019-09-20T22:53:21Z,3391,-7,127,16.040001,-27.470227,153.030956,Coros Wearables
Biking,2019-09-20T22:42:42Z,2019-09-20T22:42:42Z,963,4091.899902,Active,Manual,182,138,2019-09-20T22:53:23Z,3401,-7,127,16.33,-27.470112,153.030963,Coros Wearables
Biking,2019-09-20T22:42:42Z,2019-09-20T22:42:42Z,963,4091.899902,Active,Manual,182,138,2019-09-20T22:53:25Z,3411,-7,127,18.52,-27.470025,153.030939,Coros Wearables
Biking,2019-09-20T22:42:42Z,2019-09-20T22:42:42Z,963,4091.899902,Active,Manual,182,138,2019-09-20T22:53:27Z,3421,-7,127,18.43,-27.469939,153.030922,Coros Wearables
Biking,2019-09-20T22:42:42Z,2019-09-20T22:42:42Z,963,4091.899902,Active,Manual,182,138,2019-09-20T22:53:29Z,3430.5,-7,127,16.68,-27.469847,153.030905,Coros Wearables
Biking,2019-09-20T22:42:42Z,2019-09-20T22:42:42Z,963,4091.899902,Active,Manual,182,138,2019-09-20T22:53:31Z,3439,-7,127,15.98,-27.469757,153.03089,Coros Wearables
Biking,2019-09-20T22:42:42Z,2019-09-20T22:42:42Z,963,4091.899902,Active,Manual,182,138,2019-09-20T22:53:33Z,3448.5,-7,127,16.1,-27.469677,153.030886,Coros Wearables
Biking,2019-09-20T22:42:42Z,2019-09-20T22:42:42Z,963,4091.899902,Active,Manual,182,138,2019-09-20T22:53:35Z,3459.5,-7,128,19.6,-27.469602,153.030908,Coros Wearables
Biking,2019-09-20T22:42:42Z,2019-09-20T22:42:42Z,963,4091.899902,Active,Manual,182,138,2019-09-20T22:53:37Z,3467.5,-7,128,19.92,-27.469526,153.030939,Coros Wearables
Biking,2019-09-20T22:42:42Z,2019-09-20T22:42:42Z,963,4091.899902,Active,Manual,182,138,2019-09-20T22:53:39Z,3476,-7,128,16.17,-27.469374,153.030917,Coros Wearables
Biking,2019-09-20T22:42:42Z,2019-09-20T22:42:42Z,963,4091.899902,Active,Manual,182,138,2019-09-20T22:53:41Z,3487,-7,128,18.27,-27.46934,153.030893,Coros Wearables
Biking,2019-09-20T22:42:42Z,2019-09-20T22:42:42Z,963,4091.899902,Active,Manual,182,138,2019-09-20T22:53:43Z,3495.5,-7,128,15.24,-27.469274,153.030884,Coros Wearables
Biking,2019-09-20T22:42:42Z,2019-09-20T22:42:42Z,963,4091.899902,Active,Manual,182,138,2019-09-20T22:53:45Z,3502,-7,128,11.81,-27.469191,153.030932,Coros Wearables
Biking,2019-09-20T22:42:42Z,2019-09-20T22:42:42Z,963,4091.899902,Active,Manual,182,138,2019-09-20T22:53:47Z,3507.5,-7,128,11.05,-27.469124,153.030938,Coros Wearables
Biking,2019-09-20T22:42:42Z,2019-09-20T22:42:42Z,963,4091.899902,Active,Manual,182,138,2019-09-20T22:53:49Z,3514,-7,131,11.92,-27.469079,153.030898,Coros Wearables
Biking,2019-09-20T22:42:42Z,2019-09-20T22:42:42Z,963,4091.899902,Active,Manual,182,138,2019-09-20T22:53:51Z,3522,-8,130,12.59,-27.469048,153.030849,Coros Wearables
Biking,2019-09-20T22:42:42Z,2019-09-20T22:42:42Z,963,4091.899902,Active,Manual,182,138,2019-09-20T22:53:53Z,3530,-8,130,14.2,-27.469014,153.030795,Coros Wearables
Biking,2019-09-20T22:42:42Z,2019-09-20T22:42:42Z,963,4091.899902,Active,Manual,182,138,2019-09-20T22:53:55Z,3536,-7,129,15.59,-27.468958,153.030754,Coros Wearables
Biking,2019-09-20T22:42:42Z,2019-09-20T22:42:42Z,963,4091.899902,Active,Manual,182,138,2019-09-20T22:53:57Z,3538,-7,129,14.7,-27.468887,153.030731,Coros Wearables
Biking,2019-09-20T22:42:42Z,2019-09-20T22:42:42Z,963,4091.899902,Active,Manual,182,138,2019-09-20T22:53:59Z,3538,-7,130,14.7,-27.468813,153.030717,Coros Wearables
Biking,2019-09-20T22:42:42Z,2019-09-20T22:42:42Z,963,4091.899902,Active,Manual,182,138,2019-09-20T22:54:01Z,3538,-7,130,0,,,Coros Wearables
Biking,2019-09-20T22:42:42Z,2019-09-20T22:42:42Z,963,4091.899902,Active,Manual,182,138,2019-09-20T22:54:03Z,3538,-7,130,0,,,Coros Wearables
Biking,2019-09-20T22:42:42Z,2019-09-20T22:42:42Z,963,4091.899902,Active,Manual,182,138,2019-09-20T22:54:05Z,3538,-7,129,0,,,Coros Wearables
Biking,2019-09-20T22:42:42Z,2019-09-20T22:42:42Z,963,4091.899902,Active,Manual,182,138,2019-09-20T22:54:07Z,3538,-7,129,0,,,Coros Wearables
Biking,2019-09-20T22:42:42Z,2019-09-20T22:42:42Z,963,4091.899902,Active,Manual,182,138,2019-09-20T22:54:09Z,3572.5,-7,132,0,-27.46871,153.030744,Coros Wearables
Biking,2019-09-20T22:42:42Z,2019-09-20T22:42:42Z,963,4091.899902,Active,Manual,182,138,2019-09-20T22:54:11Z,3608.5,-7,133,11.97,-27.468455,153.030805,Coros Wearables
Biking,2019-09-20T22:42:42Z,2019-09-20T22:42:42Z,963,4091.899902,Active,Manual,182,138,2019-09-20T22:54:13Z,3611.5,-7,134,8.64,-27.468257,153.030843,Coros Wearables
Biking,2019-09-20T22:42:42Z,2019-09-20T22:42:42Z,963,4091.899902,Active,Manual,182,138,2019-09-20T22:54:15Z,3615.5,-6,135,7.22,-27.46818,153.030849,Coros Wearables
Biking,2019-09-20T22:42:42Z,2019-09-20T22:42:42Z,963,4091.899902,Active,Manual,182,138,2019-09-20T22:54:17Z,3622,-6,138,11.03,-27.468174,153.030837,Coros Wearables
Biking,2019-09-20T22:42:42Z,2019-09-20T22:42:42Z,963,4091.899902,Active,Manual,182,138,2019-09-20T22:54:19Z,3626.5,-6,138,9.57,-27.468201,153.030814,Coros Wearables
Biking,2019-09-20T22:42:42Z,2019-09-20T22:42:42Z,963,4091.899902,Active,Manual,182,138,2019-09-20T22:54:21Z,3628.5,-6,141,6.52,-27.468257,153.030772,Coros Wearables
Biking,2019-09-20T22:42:42Z,2019-09-20T22:42:42Z,963,4091.899902,Active,Manual,182,138,2019-09-20T22:54:23Z,3633,-6,145,8.78,-27.468281,153.030744,Coros Wearables
Biking,2019-09-20T22:42:42Z,2019-09-20T22:42:42Z,963,4091.899902,Active,Manual,182,138,2019-09-20T22:54:25Z,3640,-5,147,11.13,-27.468271,153.030732,Coros Wearables
Biking,2019-09-20T22:42:42Z,2019-09-20T22:42:42Z,963,4091.899902,Active,Manual,182,138,2019-09-20T22:54:27Z,3647.5,-5,146,11.2,-27.468229,153.030729,Coros Wearables
Biking,2019-09-20T22:42:42Z,2019-09-20T22:42:42Z,963,4091.899902,Active,Manual,182,138,2019-09-20T22:54:29Z,3651,-5,147,10.67,-27.46816,153.030734,Coros Wearables
Biking,2019-09-20T22:42:42Z,2019-09-20T22:42:42Z,963,4091.899902,Active,Manual,182,138,2019-09-20T22:54:31Z,3651,-5,148,0,-27.468098,153.030737,Coros Wearables
Biking,2019-09-20T22:42:42Z,2019-09-20T22:42:42Z,963,4091.899902,Active,Manual,182,138,2019-09-20T22:54:33Z,3653,-5,150,0,-27.468066,153.030736,Coros Wearables
Biking,2019-09-20T22:42:42Z,2019-09-20T22:42:42Z,963,4091.899902,Active,Manual,182,138,2019-09-20T22:54:35Z,3661.5,-5,149,11.71,-27.468065,153.030738,Coros Wearables
Biking,2019-09-20T22:42:42Z,2019-09-20T22:42:42Z,963,4091.899902,Active,Manual,182,138,2019-09-20T22:54:37Z,3672,-5,149,18.200001,-27.468074,153.030726,Coros Wearables
Biking,2019-09-20T22:42:42Z,2019-09-20T22:42:42Z,963,4091.899902,Active,Manual,182,138,2019-09-20T22:54:39Z,3677,-5,148,12.46,-27.468122,153.030644,Coros Wearables
Biking,2019-09-20T22:42:42Z,2019-09-20T22:42:42Z,963,4091.899902,Active,Manual,182,138,2019-09-20T22:54:41Z,3679.5,-4,149,0,-27.468178,153.030567,Coros Wearables
Biking,2019-09-20T22:42:42Z,2019-09-20T22:42:42Z,963,4091.899902,Active,Manual,182,138,2019-09-20T22:54:43Z,3685,-4,149,7.71,-27.468214,153.030534,Coros Wearables
Biking,2019-09-20T22:42:42Z,2019-09-20T22:42:42Z,963,4091.899902,Active,Manual,182,138,2019-09-20T22:54:45Z,3693.5,-4,150,12.21,-27.468224,153.030527,Coros Wearables
Biking,2019-09-20T22:42:42Z,2019-09-20T22:42:42Z,963,4091.899902,Active,Manual,182,138,2019-09-20T22:54:47Z,3702,-4,150,15.43,-27.468241,153.030485,Coros Wearables
Biking,2019-09-20T22:42:42Z,2019-09-20T22:42:42Z,963,4091.899902,Active,Manual,182,138,2019-09-20T22:54:49Z,3708.5,-4,150,13.75,-27.468266,153.030392,Coros Wearables
Biking,2019-09-20T22:42:42Z,2019-09-20T22:42:42Z,963,4091.899902,Active,Manual,182,138,2019-09-20T22:54:51Z,3714,-4,150,10.33,-27.46826,153.030303,Coros Wearables
Biking,2019-09-20T22:42:42Z,2019-09-20T22:42:42Z,963,4091.899902,Active,Manual,182,138,2019-09-20T22:54:53Z,3719.5,-4,150,10.68,-27.468232,153.030246,Coros Wearables
Biking,2019-09-20T22:42:42Z,2019-09-20T22:42:42Z,963,4091.899902,Active,Manual,182,138,2019-09-20T22:54:55Z,3727,-4,148,11.67,-27.468198,153.030231,Coros Wearables
Biking,2019-09-20T22:42:42Z,2019-09-20T22:42:42Z,963,4091.899902,Active,Manual,182,138,2019-09-20T22:54:57Z,3736.5,-4,147,13.99,-27.468151,153.030198,Coros Wearables
Biking,2019-09-20T22:42:42Z,2019-09-20T22:42:42Z,963,4091.899902,Active,Manual,182,138,2019-09-20T22:54:59Z,3747,-4,148,16.469999,-27.468093,153.030148,Coros Wearables
Biking,2019-09-20T22:42:42Z,2019-09-20T22:42:42Z,963,4091.899902,Active,Manual,182,138,2019-09-20T22:55:01Z,3757.5,-4,148,22.790001,-27.468035,153.030087,Coros Wearables
Biking,2019-09-20T22:42:42Z,2019-09-20T22:42:42Z,963,4091.899902,Active,Manual,182,138,2019-09-20T22:55:03Z,3765,-4,143,14.59,-27.467991,153.029998,Coros Wearables
Biking,2019-09-20T22:42:42Z,2019-09-20T22:42:42Z,963,4091.899902,Active,Manual,182,138,2019-09-20T22:55:05Z,3771.5,-4,138,10.73,-27.46795,153.029871,Coros Wearables
Biking,2019-09-20T22:42:42Z,2019-09-20T22:42:42Z,963,4091.899902,Active,Manual,182,138,2019-09-20T22:55:07Z,3779,-4,138,13.58,-27.467914,153.02983,Coros Wearables
Biking,2019-09-20T22:42:42Z,2019-09-20T22:42:42Z,963,4091.899902,Active,Manual,182,138,2019-09-20T22:55:09Z,3784.5,-4,139,12.33,-27.467879,153.029802,Coros Wearables
Biking,2019-09-20T22:42:42Z,2019-09-20T22:42:42Z,963,4091.899902,Active,Manual,182,138,2019-09-20T22:55:11Z,3786,-4,140,5.22,-27.46782,153.02973,Coros Wearables
Biking,2019-09-20T22:42:42Z,2019-09-20T22:42:42Z,963,4091.899902,Active,Manual,182,138,2019-09-20T22:55:13Z,3787,-4,141,0,-27.467797,153.02968,Coros Wearables
Biking,2019-09-20T22:42:42Z,2019-09-20T22:42:42Z,963,4091.899902,Active,Manual,182,138,2019-09-20T22:55:15Z,3788,-4,135,2.31,-27.467799,153.029668,Coros Wearables
Biking,2019-09-20T22:42:42Z,2019-09-20T22:42:42Z,963,4091.899902,Active,Manual,182,138,2019-09-20T22:55:17Z,3788,-4,134,0,-27.467806,153.029668,Coros Wearables
Biking,2019-09-20T22:42:42Z,2019-09-20T22:42:42Z,963,4091.899902,Active,Manual,182,138,2019-09-20T22:55:19Z,3788,-4,134,0,,,Coros Wearables
Biking,2019-09-20T22:42:42Z,2019-09-20T22:42:42Z,963,4091.899902,Active,Manual,182,138,2019-09-20T22:55:21Z,3788,-4,134,0,,,Coros Wearables
Biking,2019-09-20T22:42:42Z,2019-09-20T22:42:42Z,963,4091.899902,Active,Manual,182,138,2019-09-20T22:55:23Z,3788,-4,131,0,,,Coros Wearables
Biking,2019-09-20T22:42:42Z,2019-09-20T22:42:42Z,963,4091.899902,Active,Manual,182,138,2019-09-20T22:55:25Z,3788,-4,130,0,,,Coros Wearables
Biking,2019-09-20T22:42:42Z,2019-09-20T22:42:42Z,963,4091.899902,Active,Manual,182,138,2019-09-20T22:55:27Z,3788,-4,130,0,,,Coros Wearables
Biking,2019-09-20T22:42:42Z,2019-09-20T22:42:42Z,963,4091.899902,Active,Manual,182,138,2019-09-20T22:55:29Z,3788,-4,128,0,,,Coros Wearables
Biking,2019-09-20T22:42:42Z,2019-09-20T22:42:42Z,963,4091.899902,Active,Manual,182,138,2019-09-20T22:55:31Z,3788,-4,128,0,,,Coros Wearables
Biking,2019-09-20T22:42:42Z,2019-09-20T22:42:42Z,963,4091.899902,Active,Manual,182,138,2019-09-20T22:55:33Z,3788,-4,130,0,,,Coros Wearables
Biking,2019-09-20T22:42:42Z,2019-09-20T22:42:42Z,963,4091.899902,Active,Manual,182,138,2019-09-20T22:55:35Z,3788,-4,128,0,,,Coros Wearables
Biking,2019-09-20T22:42:42Z,2019-09-20T22:42:42Z,963,4091.899902,Active,Manual,182,138,2019-09-20T22:55:37Z,3788,-4,128,0,,,Coros Wearables
Biking,2019-09-20T22:42:42Z,2019-09-20T22:42:42Z,963,4091.899902,Active,Manual,182,138,2019-09-20T22:55:39Z,3789,-4,128,0,-27.467818,153.029671,Coros Wearables
Biking,2019-09-20T22:42:42Z,2019-09-20T22:42:42Z,963,4091.899902,Active,Manual,182,138,2019-09-20T22:55:41Z,3791.5,-3,130,3.79,-27.467818,153.029671,Coros Wearables
Biking,2019-09-20T22:42:42Z,2019-09-20T22:42:42Z,963,4091.899902,Active,Manual,182,138,2019-09-20T22:55:43Z,3795.5,-3,128,7.18,-27.467823,153.029666,Coros Wearables
Biking,2019-09-20T22:42:42Z,2019-09-20T22:42:42Z,963,4091.899902,Active,Manual,182,138,2019-09-20T22:55:45Z,3802,-3,128,9.97,-27.46782,153.029649,Coros Wearables
Biking,2019-09-20T22:42:42Z,2019-09-20T22:42:42Z,963,4091.899902,Active,Manual,182,138,2019-09-20T22:55:47Z,3811,-3,128,11.87,-27.467803,153.029623,Coros Wearables
Biking,2019-09-20T22:42:42Z,2019-09-20T22:42:42Z,963,4091.899902,Active,Manual,182,138,2019-09-20T22:55:49Z,3822.5,-3,129,19.860001,-27.467765,153.029579,Coros Wearables
Biking,2019-09-20T22:42:42Z,2019-09-20T22:42:42Z,963,4091.899902,Active,Manual,182,138,2019-09-20T22:55:51Z,3833.5,-3,129,20.32,-27.467725,153.029496,Coros Wearables
Biking,2019-09-20T22:42:42Z,2019-09-20T22:42:42Z,963,4091.899902,Active,Manual,182,138,2019-09-20T22:55:53Z,3843,-3,129,17.93,-27.467661,153.0294,Coros Wearables
Biking,2019-09-20T22:42:42Z,2019-09-20T22:42:42Z,963,4091.899902,Active,Manual,182,138,2019-09-20T22:55:55Z,3852,-2,129,16.73,-27.467594,153.029307,Coros Wearables
Biking,2019-09-20T22:42:42Z,2019-09-20T22:42:42Z,963,4091.899902,Active,Manual,182,138,2019-09-20T22:55:57Z,3859.5,-2,130,13.72,-27.467537,153.029237,Coros Wearables
Biking,2019-09-20T22:42:42Z,2019-09-20T22:42:42Z,963,4091.899902,Active,Manual,182,138,2019-09-20T22:55:59Z,3865,-2,130,12.8,-27.467475,153.029183,Coros Wearables
Biking,2019-09-20T22:42:42Z,2019-09-20T22:42:42Z,963,4091.899902,Active,Manual,182,138,2019-09-20T22:56:01Z,3868,-2,131,7.88,-27.467429,153.02913,Coros Wearables
Biking,2019-09-20T22:42:42Z,2019-09-20T22:42:42Z,963,4091.899902,Active,Manual,182,138,2019-09-20T22:56:03Z,3870.5,-2,131,5.63,-27.467399,153.029076,Coros Wearables
Biking,2019-09-20T22:42:42Z,2019-09-20T22:42:42Z,963,4091.899902,Active,Manual,182,138,2019-09-20T22:56:05Z,3872.5,-2,131,5.51,-27.467381,153.02906,Coros Wearables
Biking,2019-09-20T22:42:42Z,2019-09-20T22:42:42Z,963,4091.899902,Active,Manual,182,138,2019-09-20T22:56:07Z,3873,-2,132,0,-27.467364,153.029048,Coros Wearables
Biking,2019-09-20T22:42:42Z,2019-09-20T22:42:42Z,963,4091.899902,Active,Manual,182,138,2019-09-20T22:56:09Z,3873,-2,134,0,-27.467354,153.029024,Coros Wearables
Biking,2019-09-20T22:42:42Z,2019-09-20T22:42:42Z,963,4091.899902,Active,Manual,182,138,2019-09-20T22:56:11Z,3874,-2,133,0,-27.467353,153.029017,Coros Wearables
Biking,2019-09-20T22:42:42Z,2019-09-20T22:42:42Z,963,4091.899902,Active,Manual,182,138,2019-09-20T22:56:13Z,3876,-2,131,3.24,-27.467353,153.029017,Coros Wearables
Biking,2019-09-20T22:42:42Z,2019-09-20T22:42:42Z,963,4091.899902,Active,Manual,182,138,2019-09-20T22:56:15Z,3878.5,-1,131,4.29,-27.467346,153.029013,Coros Wearables
Biking,2019-09-20T22:42:42Z,2019-09-20T22:42:42Z,963,4091.899902,Active,Manual,182,138,2019-09-20T22:56:17Z,3883.5,-1,131,7.62,-27.467332,153.029014,Coros Wearables
Biking,2019-09-20T22:42:42Z,2019-09-20T22:42:42Z,963,4091.899902,Active,Manual,182,138,2019-09-20T22:56:19Z,3894.5,-1,131,15.91,-27.467313,153.02901,Coros Wearables
Biking,2019-09-20T22:42:42Z,2019-09-20T22:42:42Z,963,4091.899902,Active,Manual,182,138,2019-09-20T22:56:21Z,3910.5,-1,131,25.24,-27.467284,153.028977,Coros Wearables
Biking,2019-09-20T22:42:42Z,2019-09-20T22:42:42Z,963,4091.899902,Active,Manual,182,138,2019-09-20T22:56:23Z,3924.5,-1,129,24.25,-27.467242,153.028867,Coros Wearables
Biking,2019-09-20T22:42:42Z,2019-09-20T22:42:42Z,963,4091.899902,Active,Manual,182,138,2019-09-20T22:56:25Z,3934.5,-1,129,20.780001,-27.467214,153.028699,Coros Wearables
Biking,2019-09-20T22:42:42Z,2019-09-20T22:42:42Z,963,4091.899902,Active,Manual,182,138,2019-09-20T22:56:27Z,3944.5,-1,128,20.6,-27.467161,153.028581,Coros Wearables
Biking,2019-09-20T22:42:42Z,2019-09-20T22:42:42Z,963,4091.899902,Active,Manual,182,138,2019-09-20T22:56:29Z,3955,-1,130,19.450001,-27.467119,153.028503,Coros Wearables
Biking,2019-09-20T22:42:42Z,2019-09-20T22:42:42Z,963,4091.899902,Active,Manual,182,138,2019-09-20T22:56:31Z,3964.5,-1,128,17.24,-27.467058,153.028421,Coros Wearables
Biking,2019-09-20T22:42:42Z,2019-09-20T22:42:42Z,963,4091.899902,Active,Manual,182,138,2019-09-20T22:56:33Z,3975,-1,128,15.07,-27.466989,153.028349,Coros Wearables
Biking,2019-09-20T22:42:42Z,2019-09-20T22:42:42Z,963,4091.899902,Active,Manual,182,138,2019-09-20T22:56:35Z,3994,0,129,31.34,-27.466931,153.028279,Coros Wearables
Biking,2019-09-20T22:42:42Z,2019-09-20T22:42:42Z,963,4091.899902,Active,Manual,182,138,2019-09-20T22:56:37Z,4012,0,130,31.450001,-27.466803,153.028198,Coros Wearables
Biking,2019-09-20T22:42:42Z,2019-09-20T22:42:42Z,963,4091.899902,Active,Manual,182,138,2019-09-20T22:56:39Z,4019.5,0,130,16.690001,-27.46668,153.028118,Coros Wearables
Biking,2019-09-20T22:42:42Z,2019-09-20T22:42:42Z,963,4091.899902,Active,Manual,182,138,2019-09-20T22:56:41Z,4023.5,0,130,10.58,-27.466571,153.02802,Coros Wearables
Biking,2019-09-20T22:42:42Z,2019-09-20T22:42:42Z,963,4091.899902,Active,Manual,182,138,2019-09-20T22:56:43Z,4027.5,0,129,9.28,-27.466565,153.027955,Coros Wearables
Biking,2019-09-20T22:42:42Z,2019-09-20T22:42:42Z,963,4091.899902,Active,Manual,182,138,2019-09-20T22:56:45Z,4035.5,0,129,11.85,-27.46656,153.027917,Coros Wearables
Biking,2019-09-20T22:42:42Z,2019-09-20T22:42:42Z,963,4091.899902,Active,Manual,182,138,2019-09-20T22:56:47Z,4044.5,0,126,14.93,-27.466536,153.027882,Coros Wearables
Biking,2019-09-20T22:42:42Z,2019-09-20T22:42:42Z,963,4091.899902,Active,Manual,182,138,2019-09-20T22:56:49Z,4051,0,125,12.37,-27.46647,153.027833,Coros Wearables
Biking,2019-09-20T22:42:42Z,2019-09-20T22:42:42Z,963,4091.899902,Active,Manual,182,138,2019-09-20T22:56:51Z,4056,1,125,10.51,-27.466401,153.027798,Coros Wearables
Biking,2019-09-20T22:42:42Z,2019-09-20T22:42:42Z,963,4091.899902,Active,Manual,182,138,2019-09-20T22:56:53Z,4062,1,125,10.52,-27.466349,153.02777,Coros Wearables
Biking,2019-09-20T22:42:42Z,2019-09-20T22:42:42Z,963,4091.899902,Active,Manual,182,138,2019-09-20T22:56:55Z,4069.5,2,125,13.49,-27.466318,153.027742,Coros Wearables
Biking,2019-09-20T22:42:42Z,2019-09-20T22:42:42Z,963,4091.899902,Active,Manual,182,138,2019-09-20T22:56:57Z,4077,2,124,12.01,-27.466276,153.027722,Coros Wearables
Biking,2019-09-20T22:42:42Z,2019-09-20T22:42:42Z,963,4091.899902,Active,Manual,182,138,2019-09-20T22:56:59Z,4084.5,2,124,14.81,-27.46619,153.027728,Coros Wearables
Biking,2019-09-20T22:42:42Z,2019-09-20T22:42:42Z,963,4091.899902,Active,Manual,182,138,2019-09-20T22:57:01Z,4089.5,2,124,9.52,-27.466128,153.027723,Coros Wearables
Biking,2019-09-20T22:42:42Z,2019-09-20T22:42:42Z,963,4091.899902,Active,Manual,182,138,2019-09-20T22:57:03Z,4091,2,124,11.2,-27.466073,153.027674,Coros Wearables
Biking,2019-09-20T22:42:42Z,2019-09-20T22:42:42Z,963,4091.899902,Active,Manual,182,138,2019-09-20T22:57:05Z,4091,3,124,11.2,-27.466043,153.027651,Coros Wearables
Biking,2019-09-20T22:42:42Z,2019-09-20T22:42:42Z,963,4091.899902,Active,Manual,182,138,2019-09-20T22:57:07Z,4091,3,124,11.2,,,Coros Wearables
Biking,2019-09-20T22:42:42Z,2019-09-20T22:42:42Z,963,4091.899902,Active,Manual,182,138,2019-09-20T22:57:09Z,4091,3,124,0,,,Coros Wearables
Biking,2019-09-20T22:42:42Z,2019-09-20T22:42:42Z,963,4091.899902,Active,Manual,182,138,2019-09-20T22:57:11Z,4091,3,124,0,,,Coros Wearables
Biking,2019-09-20T22:42:42Z,2019-09-20T22:42:42Z,963,4091.899902,Active,Manual,182,138,2019-09-20T22:57:13Z,4091,3,124,0,,,Coros Wearables
Biking,2019-09-20T22:42:42Z,2019-09-20T22:42:42Z,963,4091.899902,Active,Manual,182,138,2019-09-20T22:57:15Z,4091,4,123,0,,,Coros Wearables
Biking,2019-09-20T22:42:42Z,2019-09-20T22:42:42Z,963,4091.899902,Active,Manual,182,138,2019-09-20T22:57:17Z,4091,4,123,0,,,Coros Wearables
Biking,2019-09-20T22:42:42Z,2019-09-20T22:42:42Z,963,4091.899902,Active,Manual,182,138,2019-09-20T22:57:19Z,4091,4,123,0,,,Coros Wearables
Biking,2019-09-20T22:42:42Z,2019-09-20T22:42:42Z,963,4091.899902,Active,Manual,182,138,2019-09-20T22:57:21Z,4091,4,122,0,,,Coros Wearables
Biking,2019-09-20T22:42:42Z,2019-09-20T22:42:42Z,963,4091.899902,Active,Manual,182,138,2019-09-20T22:57:23Z,4091,4,121,0,,,Coros Wearables
Biking,2019-09-20T22:42:42Z,2019-09-20T22:42:42Z,963,4091.899902,Active,Manual,182,138,2019-09-20T22:57:25Z,4091,4,120,0,,,Coros Wearables
Biking,2019-09-20T22:42:42Z,2019-09-20T22:42:42Z,963,4091.899902,Active,Manual,182,138,2019-09-20T22:57:27Z,4091,4,119,0,,,Coros Wearables
Biking,2019-09-20T22:42:42Z,2019-09-20T22:42:42Z,963,4091.899902,Active,Manual,182,138,2019-09-20T22:57:29Z,4091,4,118,0,,,Coros Wearables
Biking,2019-09-20T22:42:42Z,2019-09-20T22:42:42Z,963,4091.899902,Active,Manual,182,138,2019-09-20T22:57:31Z,4091,4,118,0,,,Coros Wearables
Biking,2019-09-20T22:42:42Z,2019-09-20T22:42:42Z,963,4091.899902,Active,Manual,182,138,2019-09-20T22:57:33Z,4091,4,118,0,,,Coros Wearables
Biking,2019-09-20T22:42:42Z,2019-09-20T22:42:42Z,963,4091.899902,Active,Manual,182,138,2019-09-20T22:57:35Z,4091,4,118,0,,,Coros Wearables
Biking,2019-09-20T22:42:42Z,2019-09-20T22:42:42Z,963,4091.899902,Active,Manual,182,138,2019-09-20T22:57:37Z,4091,4,118,0,,,Coros Wearables
Biking,2019-09-20T22:42:42Z,2019-09-20T22:42:42Z,963,4091.899902,Active,Manual,182,138,2019-09-20T22:57:39Z,4091,4,118,0,,,Coros Wearables
Biking,2019-09-20T22:42:42Z,2019-09-20T22:42:42Z,963,4091.899902,Active,Manual,182,138,2019-09-20T22:57:41Z,4091,4,121,0,,,Coros Wearables
Biking,2019-09-20T22:42:42Z,2019-09-20T22:42:42Z,963,4091.899902,Active,Manual,182,138,2019-09-20T22:57:43Z,4091,4,121,0,,,Coros Wearables
Biking,2019-09-20T22:42:42Z,2019-09-20T22:42:42Z,963,4091.899902,Active,Manual,182,138,2019-09-20T22:57:45Z,4091,4,120,0,,,Coros Wearables
Biking,2019-09-20T22:42:42Z,2019-09-20T22:42:42Z,963,4091.899902,Active,Manual,182,138,2019-09-20T22:57:47Z,4091,4,117,0,,,Coros Wearables
Biking,2019-09-20T22:42:42Z,2019-09-20T22:42:42Z,963,4091.899902,Active,Manual,182,138,2019-09-20T22:57:49Z,4091,4,117,0,,,Coros Wearables
Biking,2019-09-20T22:42:42Z,2019-09-20T22:42:42Z,963,4091.899902,Active,Manual,182,138,2019-09-20T22:57:51Z,4091,4,117,0,,,Coros Wearables
Biking,2019-09-20T22:42:42Z,2019-09-20T22:42:42Z,963,4091.899902,Active,Manual,182,138,2019-09-20T22:57:53Z,4091,4,116,0,,,Coros Wearables
Biking,2019-09-20T22:42:42Z,2019-09-20T22:42:42Z,963,4091.899902,Active,Manual,182,138,2019-09-20T22:57:55Z,4091,5,116,0,,,Coros Wearables
Biking,2019-09-20T22:42:42Z,2019-09-20T22:42:42Z,963,4091.899902,Active,Manual,182,138,2019-09-20T22:57:57Z,4091,5,116,0,,,Coros Wearables
Biking,2019-09-20T22:42:42Z,2019-09-20T22:42:42Z,963,4091.899902,Active,Manual,182,138,2019-09-20T22:57:59Z,4091,5,116,0,,,Coros Wearables
Biking,2019-09-20T22:42:42Z,2019-09-20T22:42:42Z,963,4091.899902,Active,Manual,182,138,2019-09-20T22:58:01Z,4091,10,116,0,,,Coros Wearables
Biking,2019-09-20T22:42:42Z,2019-09-20T22:42:42Z,963,4091.899902,Active,Manual,182,138,2019-09-20T22:58:03Z,4091,10,116,0,,,Coros Wearables
Biking,2019-09-20T22:42:42Z,2019-09-20T22:42:42Z,963,4091.899902,Active,Manual,182,138,2019-09-20T22:58:05Z,4091,18,116,0,,,Coros Wearables
Biking,2019-09-20T22:42:42Z,2019-09-20T22:42:42Z,963,4091.899902,Active,Manual,182,138,2019-09-20T22:58:07Z,4091,18,116,0,,,Coros Wearables
Biking,2019-09-20T22:42:42Z,2019-09-20T22:42:42Z,963,4091.899902,Active,Manual,182,138,2019-09-20T22:58:09Z,4091,18,115,0,,,Coros Wearables
Biking,2019-09-20T22:42:42Z,2019-09-20T22:42:42Z,963,4091.899902,Active,Manual,182,138,2019-09-20T22:58:11Z,4091,29,115,0,,,Coros Wearables
Biking,2019-09-20T22:42:42Z,2019-09-20T22:42:42Z,963,4091.899902,Active,Manual,182,138,2019-09-20T22:58:13Z,4091,29,115,0,,,Coros Wearables
Biking,2019-09-20T22:42:42Z,2019-09-20T22:42:42Z,963,4091.899902,Active,Manual,182,138,2019-09-20T22:58:15Z,4091,39,115,0,,,Coros Wearables
Biking,2019-09-20T22:42:42Z,2019-09-20T22:42:42Z,963,4091.899902,Active,Manual,182,138,2019-09-20T22:58:17Z,4091,39,118,0,,,Coros Wearables
Biking,2019-09-20T22:42:42Z,2019-09-20T22:42:42Z,963,4091.899902,Active,Manual,182,138,2019-09-20T22:58:19Z,4091,39,118,0,,,Coros Wearables
Biking,2019-09-20T22:42:42Z,2019-09-20T22:42:42Z,963,4091.899902,Active,Manual,182,138,2019-09-20T22:58:21Z,4091,47,114,0,,,Coros Wearables
Biking,2019-09-20T22:42:42Z,2019-09-20T22:42:42Z,963,4091.899902,Active,Manual,182,138,2019-09-20T22:58:23Z,4091,47,114,0,,,Coros Wearables
Biking,2019-09-20T22:42:42Z,2019-09-20T22:42:42Z,963,4091.899902,Active,Manual,182,138,2019-09-20T22:58:25Z,4091,53,114,0,,,Coros Wearables
Biking,2019-09-20T22:42:42Z,2019-09-20T22:42:42Z,963,4091.899902,Active,Manual,182,138,2019-09-20T22:58:27Z,4091,53,117,0,,,Coros Wearables
Biking,2019-09-20T22:42:42Z,2019-09-20T22:42:42Z,963,4091.899902,Active,Manual,182,138,2019-09-20T22:58:29Z,4091,53,118,0,,,Coros Wearables
Biking,2019-09-20T22:42:42Z,2019-09-20T22:42:42Z,963,4091.899902,Active,Manual,182,138,2019-09-20T22:58:31Z,4091,57,118,0,,,Coros Wearables
Biking,2019-09-20T22:42:42Z,2019-09-20T22:42:42Z,963,4091.899902,Active,Manual,182,138,2019-09-20T22:58:33Z,4091,57,119,0,,,Coros Wearables
Biking,2019-09-20T22:42:42Z,2019-09-20T22:42:42Z,963,4091.899902,Active,Manual,182,138,2019-09-20T22:58:35Z,4091,60,119,0,,,Coros Wearables
Biking,2019-09-20T22:42:42Z,2019-09-20T22:42:42Z,963,4091.899902,Active,Manual,182,138,2019-09-20T22:58:37Z,4091,60,119,0,,,Coros Wearables
Biking,2019-09-20T22:42:42Z,2019-09-20T22:42:42Z,963,4091.899902,Active,Manual,182,138,2019-09-20T22:58:39Z,4091,60,119,0,,,Coros Wearables
Biking,2019-09-20T22:42:42Z,2019-09-20T22:42:42Z,963,4091.899902,Active,Manual,182,138,2019-09-20T22:58:41Z,4091,62,119,0,,,Coros Wearables
Biking,2019-09-20T22:42:42Z,2019-09-20T22:42:42Z,963,4091.899902,Active,Manual,182,138,2019-09-20T22:58:43Z,4091,62,118,0,,,Coros Wearables
Biking,2019-09-20T22:42:42Z,2019-09-20T22:42:42Z,963,4091.899902,Active,Manual,182,138,2019-09-20T22:58:45Z,4091.899902,62,118,0,,,Coros Wearables
