Time,Latitude (Deg),Longitude (Deg),Altitude (m),Heart Rate (bpm),Speed (km/h),Vibrations,Route Num
2019-09-16T20:20:29Z,,,,,,,4
2019-09-16T20:20:30Z,,,,96,6.54,,4
2019-09-16T20:20:32Z,-27.716119,152.465098,,95,6.54,,4
2019-09-16T20:20:34Z,-27.716119,152.465098,160,95,6.54,,4
2019-09-16T20:20:36Z,-27.716116,152.465079,160,96,6.88,,4
2019-09-16T20:20:38Z,-27.716117,152.465048,160,98,8.58,,4
2019-09-16T20:20:40Z,-27.716121,152.465001,160,98,9.6,,4
2019-09-16T20:20:42Z,-27.716129,152.464943,159,98,11.43,,4
2019-09-16T20:20:44Z,-27.716144,152.464879,159,101,12.2,,4
2019-09-16T20:20:46Z,-27.716163,152.464814,159,103,12.65,,4
2019-09-16T20:20:48Z,-27.716186,152.464747,159,104,13.04,,4
2019-09-16T20:20:50Z,-27.716213,152.46468,159,106,13.13,,4
2019-09-16T20:20:52Z,-27.716242,152.464614,159,109,13.07,,4
2019-09-16T20:20:54Z,-27.716272,152.464549,159,109,12.88,,4
2019-09-16T20:20:56Z,-27.716303,152.464486,159,109,12.66,,4
2019-09-16T20:20:58Z,-27.716334,152.464425,158,111,12.45,,4
2019-09-16T20:21:00Z,-27.716362,152.464365,158,111,12.19,,4
2019-09-16T20:21:02Z,-27.716381,152.464305,157,111,11.92,,4
2019-09-16T20:21:04Z,-27.716385,152.464248,157,111,11.76,,4
2019-09-16T20:21:06Z,-27.716358,152.464206,157,111,11.72,,4
2019-09-16T20:21:08Z,-27.7163,152.464188,156,114,11.88,,4
2019-09-16T20:21:10Z,-27.716231,152.464197,156,115,11.91,,4
2019-09-16T20:21:12Z,-27.716177,152.464211,155,116,11.91,,4
2019-09-16T20:21:14Z,-27.716144,152.464225,155,117,11.91,,4
2019-09-16T20:21:16Z,-27.716113,152.464248,155,119,11.62,,4
2019-09-16T20:21:18Z,-27.716076,152.464276,155,121,11.38,,4
2019-09-16T20:21:20Z,-27.716034,152.464307,155,121,10.86,,4
2019-09-16T20:21:22Z,-27.71599,152.464341,155,121,10.72,,4
2019-09-16T20:21:24Z,-27.715946,152.464378,155,121,10.56,,4
2019-09-16T20:21:26Z,-27.715903,152.464414,155,121,10.55,,4
2019-09-16T20:21:28Z,-27.715859,152.464449,155,121,10.54,,4
2019-09-16T20:21:30Z,-27.715812,152.464478,155,121,10.54,,4
2019-09-16T20:21:32Z,-27.715763,152.4645,155,120,10.54,,4
2019-09-16T20:21:34Z,-27.715711,152.464516,155,120,10.55,,4
2019-09-16T20:21:36Z,-27.715655,152.46453,155,120,10.55,,4
2019-09-16T20:21:38Z,-27.715596,152.464543,155,120,10.6,,4
2019-09-16T20:21:40Z,-27.715536,152.464557,155,121,10.6,,4
2019-09-16T20:21:42Z,-27.715481,152.464576,154,123,10.6,,4
2019-09-16T20:21:44Z,-27.715429,152.464596,154,123,10.65,,4
2019-09-16T20:21:46Z,-27.715382,152.464615,154,124,10.65,,4
2019-09-16T20:21:48Z,-27.715334,152.464637,154,124,10.64,,4
2019-09-16T20:21:50Z,-27.71528,152.464656,154,125,10.64,,4
2019-09-16T20:21:52Z,-27.715225,152.464672,154,125,10.64,,4
2019-09-16T20:21:54Z,-27.715169,152.464684,154,125,10.61,,4
2019-09-16T20:21:56Z,-27.715113,152.464694,154,126,10.61,,4
2019-09-16T20:21:58Z,-27.715057,152.464704,153,126,10.59,,4
2019-09-16T20:22:00Z,-27.715003,152.46472,153,126,10.62,,4
2019-09-16T20:22:02Z,-27.714952,152.464748,152,127,10.94,,4
2019-09-16T20:22:04Z,-27.714913,152.46479,152,127,10.98,,4
2019-09-16T20:22:06Z,-27.714889,152.464844,152,129,11.02,,4
2019-09-16T20:22:08Z,-27.714877,152.464903,151,129,11.02,,4
2019-09-16T20:22:10Z,-27.714871,152.464963,151,129,11.01,,4
2019-09-16T20:22:12Z,-27.714867,152.465022,151,129,11.01,,4
2019-09-16T20:22:14Z,-27.714865,152.46508,151,129,11.01,,4
2019-09-16T20:22:16Z,-27.714865,152.465137,151,129,10.97,,4
2019-09-16T20:22:18Z,-27.714868,152.46519,151,129,10.97,,4
2019-09-16T20:22:20Z,-27.714876,152.465238,151,129,10.8,,4
2019-09-16T20:22:22Z,-27.714897,152.465286,151,129,10.8,,4
2019-09-16T20:22:24Z,-27.714924,152.465338,151,129,10.8,,4
2019-09-16T20:22:26Z,-27.714949,152.465393,151,129,10.69,,4
2019-09-16T20:22:28Z,-27.714964,152.465447,151,130,10.69,,4
2019-09-16T20:22:30Z,-27.714969,152.4655,151,130,10.61,,4
2019-09-16T20:22:32Z,-27.714966,152.465555,150,130,10.61,,4
2019-09-16T20:22:34Z,-27.714961,152.46561,150,130,10.61,,4
2019-09-16T20:22:36Z,-27.714962,152.465668,150,130,10.61,,4
2019-09-16T20:22:38Z,-27.714962,152.465725,150,130,10.61,,4
2019-09-16T20:22:40Z,-27.714955,152.46578,150,130,10.38,,4
2019-09-16T20:22:42Z,-27.714944,152.465834,150,130,10.32,,4
2019-09-16T20:22:44Z,-27.714937,152.465888,150,130,10.24,,4
2019-09-16T20:22:46Z,-27.714937,152.465942,150,130,10.21,,4
2019-09-16T20:22:48Z,-27.714946,152.465994,150,130,10.13,,4
2019-09-16T20:22:50Z,-27.714948,152.46604,150,130,10.13,,4
2019-09-16T20:22:52Z,-27.714932,152.466075,149,129,10.13,,4
2019-09-16T20:22:54Z,-27.7149,152.466098,149,129,10,,4
2019-09-16T20:22:56Z,-27.714856,152.466111,149,129,10,,4
2019-09-16T20:22:58Z,-27.714807,152.466124,148,130,9.89,,4
2019-09-16T20:23:00Z,-27.71476,152.466139,148,131,9.89,,4
2019-09-16T20:23:02Z,-27.714713,152.466153,146,131,9.89,,4
2019-09-16T20:23:04Z,-27.714663,152.466167,146,132,9.94,,4
2019-09-16T20:23:06Z,-27.71461,152.466185,146,133,9.94,,4
2019-09-16T20:23:08Z,-27.714562,152.466207,144,133,10.1,,4
2019-09-16T20:23:10Z,-27.714518,152.466228,144,132,10.1,,4
2019-09-16T20:23:12Z,-27.714477,152.46625,142,133,10.1,,4
2019-09-16T20:23:14Z,-27.714433,152.466274,142,133,11.37,,4
2019-09-16T20:23:16Z,-27.714384,152.466297,142,133,11.37,,4
2019-09-16T20:23:18Z,-27.714333,152.466323,141,133,11.39,,4
2019-09-16T20:23:20Z,-27.714282,152.466356,141,132,11.39,,4
2019-09-16T20:23:22Z,-27.714233,152.466392,140,132,11.39,,4
2019-09-16T20:23:24Z,-27.714186,152.466431,140,133,10.97,,4
2019-09-16T20:23:26Z,-27.71414,152.466471,140,133,10.97,,4
2019-09-16T20:23:28Z,-27.714095,152.466512,139,134,10.65,,4
2019-09-16T20:23:30Z,-27.714052,152.466553,139,134,10.65,,4
2019-09-16T20:23:32Z,-27.714012,152.466594,138,134,10.65,,4
2019-09-16T20:23:34Z,-27.713974,152.466635,138,135,10.53,,4
2019-09-16T20:23:36Z,-27.713937,152.466678,138,135,10.53,,4
2019-09-16T20:23:38Z,-27.713896,152.466718,138,136,10.51,,4
2019-09-16T20:23:40Z,-27.713852,152.466754,138,137,10.51,,4
2019-09-16T20:23:42Z,-27.713809,152.466787,137,136,10.51,,4
2019-09-16T20:23:44Z,-27.713765,152.466816,137,135,10.43,,4
2019-09-16T20:23:46Z,-27.71372,152.466838,137,136,10.43,,4
2019-09-16T20:23:48Z,-27.713673,152.466855,136,137,10.32,,4
2019-09-16T20:23:50Z,-27.713624,152.466863,136,137,10.32,,4
2019-09-16T20:23:52Z,-27.713578,152.466872,135,137,10.32,,4
2019-09-16T20:23:54Z,-27.713536,152.466891,135,138,10.19,,4
2019-09-16T20:23:56Z,-27.71351,152.466927,135,138,10.19,,4
2019-09-16T20:23:58Z,-27.713508,152.466977,135,138,10.08,,4
2019-09-16T20:24:00Z,-27.713506,152.467028,135,138,10.08,,4
2019-09-16T20:24:02Z,-27.713489,152.467068,135,139,10.08,,4
2019-09-16T20:24:04Z,-27.71345,152.467095,135,139,10.01,,4
2019-09-16T20:24:06Z,-27.713397,152.467109,135,139,10.01,,4
2019-09-16T20:24:08Z,-27.713342,152.467121,134,140,10.07,,4
2019-09-16T20:24:10Z,-27.713291,152.467143,134,143,10.07,,4
2019-09-16T20:24:12Z,-27.713246,152.467175,132,142,10.07,,4
2019-09-16T20:24:14Z,-27.713202,152.467207,132,142,10.2,,4
2019-09-16T20:24:16Z,-27.713157,152.467236,132,141,10.2,,4
2019-09-16T20:24:18Z,-27.71311,152.467263,131,141,10.23,,4
2019-09-16T20:24:20Z,-27.713065,152.467287,131,141,10.23,,4
2019-09-16T20:24:22Z,-27.71302,152.467305,131,142,10.23,,4
2019-09-16T20:24:24Z,-27.712976,152.467323,131,142,10.23,,4
2019-09-16T20:24:26Z,-27.712932,152.467344,131,142,10.23,,4
2019-09-16T20:24:28Z,-27.71289,152.467361,129,143,10.14,,4
2019-09-16T20:24:30Z,-27.712847,152.467369,129,142,10.14,,4
2019-09-16T20:24:32Z,-27.712803,152.467368,128,142,10.14,,4
2019-09-16T20:24:34Z,-27.71276,152.467353,128,142,10.01,,4
2019-09-16T20:24:36Z,-27.712722,152.467321,128,142,10.01,,4
2019-09-16T20:24:38Z,-27.71269,152.467279,127,142,9.97,,4
2019-09-16T20:24:40Z,-27.712662,152.467232,127,142,9.97,,4
2019-09-16T20:24:42Z,-27.712641,152.467181,126,142,9.97,,4
2019-09-16T20:24:44Z,-27.712627,152.467129,126,142,9.97,,4
2019-09-16T20:24:46Z,-27.712617,152.467074,126,142,9.97,,4
2019-09-16T20:24:48Z,-27.712609,152.467017,125,142,10.07,,4
2019-09-16T20:24:50Z,-27.712599,152.46696,125,141,10.07,,4
2019-09-16T20:24:52Z,-27.712586,152.466905,124,141,10.09,,4
2019-09-16T20:24:54Z,-27.712566,152.466852,124,141,10.05,,4
2019-09-16T20:24:56Z,-27.712543,152.466804,124,141,10.05,,4
2019-09-16T20:24:58Z,-27.712517,152.466756,124,141,10.06,,4
2019-09-16T20:25:00Z,-27.712484,152.466711,124,141,10.11,,4
2019-09-16T20:25:02Z,-27.712441,152.466674,123,141,10.12,,4
2019-09-16T20:25:04Z,-27.712392,152.466646,123,141,10.12,,4
2019-09-16T20:25:06Z,-27.712341,152.466623,123,141,10.14,,4
2019-09-16T20:25:08Z,-27.712291,152.466601,123,143,10.14,,4
2019-09-16T20:25:10Z,-27.712243,152.466579,123,143,10.14,,4
2019-09-16T20:25:12Z,-27.712194,152.466559,123,142,10.2,,4
2019-09-16T20:25:14Z,-27.712143,152.466546,123,142,10.2,,4
2019-09-16T20:25:16Z,-27.712089,152.46654,123,142,10.19,,4
2019-09-16T20:25:18Z,-27.712034,152.466534,122,142,10.19,,4
2019-09-16T20:25:20Z,-27.711983,152.466519,122,143,10.19,,4
2019-09-16T20:25:22Z,-27.71194,152.466491,122,143,10.2,,4
2019-09-16T20:25:24Z,-27.711905,152.466453,122,142,10.2,,4
2019-09-16T20:25:26Z,-27.711871,152.466416,122,142,10.2,,4
2019-09-16T20:25:28Z,-27.711836,152.466382,122,142,10.2,,4
2019-09-16T20:25:30Z,-27.7118,152.466352,122,142,10.2,,4
2019-09-16T20:25:32Z,-27.711765,152.466334,121,142,10.03,,4
2019-09-16T20:25:34Z,-27.711731,152.466325,121,142,10.03,,4
2019-09-16T20:25:36Z,-27.711692,152.466315,121,142,10.02,,4
2019-09-16T20:25:38Z,-27.71165,152.466302,122,142,10.02,,4
2019-09-16T20:25:40Z,-27.711611,152.466284,122,143,10.02,,4
2019-09-16T20:25:42Z,-27.711577,152.466274,121,142,8.85,,4
2019-09-16T20:25:44Z,-27.711547,152.466286,121,142,8.85,,4
2019-09-16T20:25:46Z,-27.711526,152.466318,121,142,8.73,,4
2019-09-16T20:25:48Z,-27.711512,152.466361,121,143,8.73,,4
2019-09-16T20:25:50Z,-27.711499,152.466411,121,143,8.73,,4
2019-09-16T20:25:52Z,-27.711488,152.466467,121,142,9.94,,4
2019-09-16T20:25:54Z,-27.71148,152.466527,121,142,9.94,,4
2019-09-16T20:25:56Z,-27.711475,152.466581,121,142,9.56,,4
2019-09-16T20:25:58Z,-27.711457,152.466619,121,142,9.56,,4
2019-09-16T20:26:00Z,-27.711425,152.46664,121,142,9.28,,4
2019-09-16T20:26:02Z,-27.711388,152.466649,121,142,9.04,,4
2019-09-16T20:26:04Z,-27.711353,152.466655,121,142,8.88,,4
2019-09-16T20:26:06Z,-27.71132,152.466665,121,142,8.87,,4
2019-09-16T20:26:08Z,-27.711288,152.466685,122,142,8.87,,4
2019-09-16T20:26:10Z,-27.711265,152.466721,122,142,8.67,,4
2019-09-16T20:26:12Z,-27.711257,152.466766,122,142,8.67,,4
2019-09-16T20:26:14Z,-27.711263,152.466816,122,142,8.67,,4
2019-09-16T20:26:16Z,-27.711279,152.466867,122,142,8.5,,4
2019-09-16T20:26:18Z,-27.711296,152.466917,122,142,8.5,,4
2019-09-16T20:26:20Z,-27.711305,152.466963,122,142,8.52,,4
2019-09-16T20:26:22Z,-27.711304,152.467009,122,142,8.52,,4
2019-09-16T20:26:24Z,-27.711296,152.467056,122,142,8.52,,4
2019-09-16T20:26:26Z,-27.711287,152.467109,122,142,8.61,,4
2019-09-16T20:26:28Z,-27.711278,152.467163,122,143,8.61,,4
2019-09-16T20:26:30Z,-27.711271,152.467219,122,143,8.78,,4
2019-09-16T20:26:32Z,-27.711263,152.467276,122,143,8.78,,4
2019-09-16T20:26:32Z,-27.711263,152.467276,122,143,8.78,,4
2019-09-16T20:26:34Z,-27.711254,152.467332,122,143,8.78,,4
2019-09-16T20:26:36Z,-27.711245,152.467386,122,143,8.94,,4
2019-09-16T20:26:38Z,-27.711236,152.467439,122,143,8.94,,4
2019-09-16T20:26:40Z,-27.711229,152.467491,122,144,9.06,,4
2019-09-16T20:26:42Z,-27.711225,152.467542,122,143,9.06,,4
2019-09-16T20:26:44Z,-27.711218,152.467594,122,143,9.06,,4
2019-09-16T20:26:46Z,-27.711213,152.467645,122,143,9.06,,4
2019-09-16T20:26:48Z,-27.711208,152.467695,122,143,9.05,,4
2019-09-16T20:26:50Z,-27.7112,152.467747,122,143,9.19,,4
2019-09-16T20:26:52Z,-27.711194,152.467803,122,143,9.26,,4
2019-09-16T20:26:54Z,-27.711191,152.46786,122,145,9.35,,4
2019-09-16T20:26:56Z,-27.711188,152.467915,122,145,9.29,,4
2019-09-16T20:26:58Z,-27.711182,152.467967,122,146,9.27,,4
2019-09-16T20:27:00Z,-27.711178,152.468018,122,144,9.27,,4
2019-09-16T20:27:02Z,-27.711176,152.468069,122,144,9.27,,4
2019-09-16T20:27:04Z,-27.711174,152.468119,122,144,9.24,,4
2019-09-16T20:27:06Z,-27.711172,152.468169,122,144,9.24,,4
2019-09-16T20:27:08Z,-27.711171,152.468221,122,144,9.17,,4
2019-09-16T20:27:10Z,-27.711173,152.468276,122,144,9.17,,4
2019-09-16T20:27:12Z,-27.711176,152.468331,122,144,9.17,,4
2019-09-16T20:27:14Z,-27.711177,152.468385,122,145,9.15,,4
2019-09-16T20:27:16Z,-27.711176,152.468437,122,145,9.15,,4
2019-09-16T20:27:18Z,-27.711173,152.468488,122,145,9.15,,4
2019-09-16T20:27:20Z,-27.711169,152.46854,122,144,9.27,,4
2019-09-16T20:27:22Z,-27.711166,152.468594,122,144,9.27,,4
2019-09-16T20:27:24Z,-27.711166,152.468648,122,144,9.28,,4
2019-09-16T20:27:26Z,-27.71117,152.468701,122,145,9.27,,4
2019-09-16T20:27:28Z,-27.71118,152.468752,122,145,9.27,,4
2019-09-16T20:27:30Z,-27.711192,152.468803,122,144,9.27,,4
2019-09-16T20:27:32Z,-27.711209,152.468853,122,144,9.27,,4
2019-09-16T20:27:34Z,-27.71123,152.4689,122,144,9.27,,4
2019-09-16T20:27:36Z,-27.711253,152.46894,122,144,9.27,,4
2019-09-16T20:27:38Z,-27.711278,152.468972,122,145,9.27,,4
2019-09-16T20:27:40Z,-27.711307,152.469002,122,144,9.15,,4
2019-09-16T20:27:42Z,-27.711341,152.469033,122,148,9.15,,4
2019-09-16T20:27:44Z,-27.711378,152.469068,122,153,9.29,,4
2019-09-16T20:27:46Z,-27.711418,152.469105,122,153,9.29,,4
2019-09-16T20:27:48Z,-27.711459,152.469138,121,154,9.29,,4
2019-09-16T20:27:50Z,-27.711497,152.469169,121,153,9.44,,4
2019-09-16T20:27:52Z,-27.71153,152.4692,120,153,9.44,,4
2019-09-16T20:27:54Z,-27.71156,152.469228,120,153,9.22,,4
2019-09-16T20:27:56Z,-27.711586,152.469257,120,152,9.22,,4
2019-09-16T20:27:58Z,-27.711616,152.469285,120,153,9.22,,4
2019-09-16T20:28:00Z,-27.711654,152.469307,120,153,8.93,,4
2019-09-16T20:28:02Z,-27.711698,152.469316,121,154,8.93,,4
2019-09-16T20:28:04Z,-27.711745,152.469313,121,154,8.84,,4
2019-09-16T20:28:06Z,-27.711791,152.469301,121,154,8.69,,4
2019-09-16T20:28:08Z,-27.711829,152.469283,121,154,8.62,,4
2019-09-16T20:28:10Z,-27.711862,152.469262,121,154,8.57,,4
2019-09-16T20:28:12Z,-27.711894,152.46924,122,153,8.55,,4
2019-09-16T20:28:14Z,-27.711928,152.46922,122,153,8.54,,4
2019-09-16T20:28:16Z,-27.711965,152.469203,122,153,8.54,,4
2019-09-16T20:28:18Z,-27.712006,152.469188,122,153,8.54,,4
2019-09-16T20:28:20Z,-27.712049,152.469172,122,153,8.51,,4
2019-09-16T20:28:22Z,-27.71209,152.469151,122,153,8.51,,4
2019-09-16T20:28:24Z,-27.712129,152.469127,122,153,8.53,,4
2019-09-16T20:28:26Z,-27.712168,152.469099,122,154,8.53,,4
2019-09-16T20:28:28Z,-27.712208,152.46907,122,153,8.53,,4
2019-09-16T20:28:30Z,-27.712248,152.469038,122,150,8.66,,4
2019-09-16T20:28:32Z,-27.712286,152.469,122,149,8.66,,4
2019-09-16T20:28:34Z,-27.712322,152.468961,122,149,8.85,,4
2019-09-16T20:28:36Z,-27.712358,152.468923,122,150,8.85,,4
2019-09-16T20:28:38Z,-27.712395,152.468883,122,150,8.85,,4
2019-09-16T20:28:40Z,-27.712434,152.468842,122,151,9.04,,4
2019-09-16T20:28:42Z,-27.712469,152.468799,122,151,9.04,,4
2019-09-16T20:28:44Z,-27.712498,152.468758,122,150,9.11,,4
2019-09-16T20:28:46Z,-27.712524,152.468715,122,150,9.11,,4
2019-09-16T20:28:48Z,-27.712549,152.468677,122,150,9.11,,4
2019-09-16T20:28:50Z,-27.712579,152.468642,122,150,9.08,,4
2019-09-16T20:28:52Z,-27.712615,152.468608,121,150,9.08,,4
2019-09-16T20:28:54Z,-27.712652,152.468571,121,150,9.16,,4
2019-09-16T20:28:56Z,-27.712682,152.468528,121,150,9.22,,4
2019-09-16T20:28:58Z,-27.712708,152.46848,121,150,9.29,,4
2019-09-16T20:29:00Z,-27.712733,152.468429,121,150,9.36,,4
2019-09-16T20:29:02Z,-27.712755,152.46838,121,150,9.4,,4
2019-09-16T20:29:04Z,-27.712772,152.468329,121,150,9.4,,4
2019-09-16T20:29:06Z,-27.712781,152.468277,121,150,9.4,,4
2019-09-16T20:29:08Z,-27.712781,152.468225,121,150,9.41,,4
2019-09-16T20:29:10Z,-27.71277,152.468174,121,150,9.41,,4
2019-09-16T20:29:12Z,-27.71275,152.468123,121,150,9.41,,4
2019-09-16T20:29:14Z,-27.712724,152.468076,121,151,9.42,,4
2019-09-16T20:29:16Z,-27.712694,152.468028,121,151,9.42,,4
2019-09-16T20:29:18Z,-27.712667,152.467979,121,151,9.43,,4
2019-09-16T20:29:20Z,-27.712652,152.46793,121,151,9.43,,4
2019-09-16T20:29:22Z,-27.712654,152.467885,121,150,9.43,,4
2019-09-16T20:29:24Z,-27.712673,152.467848,121,150,9.39,,4
2019-09-16T20:29:26Z,-27.712705,152.467818,121,150,9.39,,4
2019-09-16T20:29:28Z,-27.712743,152.467788,121,149,9.3,,4
2019-09-16T20:29:30Z,-27.712776,152.467754,121,149,9.3,,4
2019-09-16T20:29:32Z,-27.712802,152.467715,122,148,9.3,,4
2019-09-16T20:29:34Z,-27.712821,152.467671,122,148,9.19,,4
2019-09-16T20:29:36Z,-27.712827,152.467626,122,148,9.19,,4
2019-09-16T20:29:38Z,-27.712819,152.467581,123,148,9.06,,4
2019-09-16T20:29:40Z,-27.7128,152.46754,123,148,9.06,,4
2019-09-16T20:29:42Z,-27.712765,152.467507,124,149,9.06,,4
2019-09-16T20:29:44Z,-27.712716,152.467484,124,148,9.01,,4
2019-09-16T20:29:46Z,-27.71266,152.467469,124,148,9.01,,4
2019-09-16T20:29:48Z,-27.712609,152.467458,124,148,9.07,,4
2019-09-16T20:29:50Z,-27.712571,152.467437,124,147,9.07,,4
2019-09-16T20:29:52Z,-27.712551,152.467401,125,147,9.07,,4
2019-09-16T20:29:54Z,-27.712544,152.467358,125,147,9.07,,4
2019-09-16T20:29:56Z,-27.712543,152.467316,125,148,9.07,,4
2019-09-16T20:29:58Z,-27.712556,152.467274,125,148,9,,4
2019-09-16T20:30:00Z,-27.712587,152.467238,125,148,9,,4
2019-09-16T20:30:02Z,-27.712629,152.467202,125,148,9,,4
2019-09-16T20:30:04Z,-27.712663,152.46716,125,148,9.04,,4
2019-09-16T20:30:06Z,-27.712676,152.467114,125,148,9.04,,4
2019-09-16T20:30:08Z,-27.712674,152.467065,125,148,9.07,,4
2019-09-16T20:30:10Z,-27.712663,152.467013,125,148,9.07,,4
2019-09-16T20:30:12Z,-27.712646,152.466963,124,148,9.07,,4
2019-09-16T20:30:14Z,-27.712628,152.466914,124,149,9.1,,4
2019-09-16T20:30:16Z,-27.712607,152.466868,124,147,9.1,,4
2019-09-16T20:30:18Z,-27.712582,152.466826,124,148,9.12,,4
2019-09-16T20:30:20Z,-27.712552,152.466785,124,148,9.12,,4
2019-09-16T20:30:22Z,-27.712517,152.466746,123,148,9.12,,4
2019-09-16T20:30:24Z,-27.712472,152.466712,123,148,9.16,,4
2019-09-16T20:30:26Z,-27.712425,152.466681,123,148,9.16,,4
2019-09-16T20:30:28Z,-27.712379,152.466653,123,148,9.27,,4
2019-09-16T20:30:30Z,-27.712333,152.466627,123,148,9.27,,4
2019-09-16T20:30:32Z,-27.712287,152.466604,123,148,9.27,,4
2019-09-16T20:30:34Z,-27.712242,152.466585,123,148,9.42,,4
2019-09-16T20:30:36Z,-27.712195,152.466573,123,149,9.42,,4
2019-09-16T20:30:38Z,-27.712147,152.466565,122,148,9.57,,4
2019-09-16T20:30:40Z,-27.712097,152.466559,122,148,9.55,,4
2019-09-16T20:30:42Z,-27.712047,152.466548,122,148,9.66,,4
2019-09-16T20:30:44Z,-27.712001,152.46653,122,149,9.73,,4
2019-09-16T20:30:46Z,-27.711963,152.466502,122,149,9.74,,4
2019-09-16T20:30:48Z,-27.711927,152.466473,122,149,9.73,,4
2019-09-16T20:30:50Z,-27.711894,152.466467,122,149,9.73,,4
2019-09-16T20:30:52Z,-27.711877,152.466492,122,149,9.61,,4
2019-09-16T20:30:54Z,-27.711884,152.466536,122,149,9.61,,4
2019-09-16T20:30:56Z,-27.71191,152.466583,122,149,9.61,,4
2019-09-16T20:30:58Z,-27.711945,152.466625,121,149,9.65,,4
2019-09-16T20:31:00Z,-27.711983,152.466662,121,149,9.65,,4
2019-09-16T20:31:02Z,-27.712024,152.466695,121,149,9.61,,4
2019-09-16T20:31:04Z,-27.712065,152.466725,121,149,9.61,,4
2019-09-16T20:31:06Z,-27.712105,152.466759,121,149,9.61,,4
2019-09-16T20:31:08Z,-27.712141,152.466793,120,149,9.58,,4
2019-09-16T20:31:10Z,-27.712177,152.466828,120,149,9.58,,4
2019-09-16T20:31:12Z,-27.712214,152.466867,119,149,9.67,,4
2019-09-16T20:31:14Z,-27.712252,152.466906,119,149,9.67,,4
2019-09-16T20:31:16Z,-27.71229,152.466946,119,149,9.67,,4
2019-09-16T20:31:18Z,-27.712322,152.466988,120,149,9.79,,4
2019-09-16T20:31:20Z,-27.712346,152.467028,120,149,9.79,,4
2019-09-16T20:31:22Z,-27.712359,152.467069,120,149,9.71,,4
2019-09-16T20:31:24Z,-27.712362,152.467115,120,149,9.71,,4
2019-09-16T20:31:26Z,-27.712357,152.467164,120,149,9.71,,4
2019-09-16T20:31:28Z,-27.712347,152.467216,120,149,9.52,,4
2019-09-16T20:31:30Z,-27.712337,152.46727,120,149,9.52,,4
2019-09-16T20:31:32Z,-27.71233,152.467325,120,149,9.42,,4
2019-09-16T20:31:34Z,-27.712325,152.467383,120,149,9.42,,4
2019-09-16T20:31:36Z,-27.712323,152.467439,120,149,9.42,,4
2019-09-16T20:31:38Z,-27.712324,152.467493,120,149,9.48,,4
2019-09-16T20:31:40Z,-27.712331,152.467544,120,149,9.48,,4
2019-09-16T20:31:42Z,-27.712347,152.46759,121,149,9.49,,4
2019-09-16T20:31:44Z,-27.712371,152.46763,121,149,9.49,,4
2019-09-16T20:31:46Z,-27.712401,152.467666,121,149,9.49,,4
2019-09-16T20:31:48Z,-27.712432,152.467704,121,149,9.41,,4
2019-09-16T20:31:50Z,-27.712465,152.467745,121,149,9.41,,4
2019-09-16T20:31:52Z,-27.712497,152.467788,121,150,9.39,,4
2019-09-16T20:31:54Z,-27.712529,152.467833,121,150,9.39,,4
2019-09-16T20:31:56Z,-27.712558,152.467875,121,150,9.39,,4
2019-09-16T20:31:58Z,-27.712587,152.467916,122,149,9.43,,4
2019-09-16T20:32:00Z,-27.712617,152.467957,122,149,9.43,,4
2019-09-16T20:32:02Z,-27.712647,152.468001,122,149,9.48,,4
2019-09-16T20:32:04Z,-27.712675,152.468044,122,149,9.48,,4
2019-09-16T20:32:06Z,-27.712701,152.468084,122,149,9.48,,4
2019-09-16T20:32:08Z,-27.712721,152.468128,121,150,9.46,,4
2019-09-16T20:32:10Z,-27.71273,152.468176,121,149,9.46,,4
2019-09-16T20:32:12Z,-27.71273,152.468227,121,149,9.4,,4
2019-09-16T20:32:14Z,-27.712722,152.46828,121,148,9.4,,4
2019-09-16T20:32:16Z,-27.712703,152.468331,121,148,9.4,,4
2019-09-16T20:32:18Z,-27.712677,152.468381,121,148,9.35,,4
2019-09-16T20:32:20Z,-27.712651,152.468428,121,148,9.35,,4
2019-09-16T20:32:22Z,-27.712625,152.468474,122,147,9.4,,4
2019-09-16T20:32:24Z,-27.712598,152.468518,122,147,9.4,,4
2019-09-16T20:32:26Z,-27.712568,152.468558,122,147,9.4,,4
2019-09-16T20:32:28Z,-27.712529,152.468589,122,147,9.43,,4
2019-09-16T20:32:30Z,-27.712484,152.468607,122,147,9.43,,4
2019-09-16T20:32:32Z,-27.712437,152.468601,122,147,9.42,,4
2019-09-16T20:32:34Z,-27.712392,152.468579,122,147,9.42,,4
2019-09-16T20:32:36Z,-27.712348,152.468553,122,147,9.42,,4
2019-09-16T20:32:38Z,-27.712303,152.468524,122,147,9.5,,4
2019-09-16T20:32:40Z,-27.712259,152.468493,122,146,9.5,,4
2019-09-16T20:32:42Z,-27.712217,152.468463,122,146,9.59,,4
2019-09-16T20:32:44Z,-27.712177,152.468433,122,146,9.59,,4
2019-09-16T20:32:46Z,-27.712141,152.468402,122,147,9.59,,4
2019-09-16T20:32:48Z,-27.712105,152.46837,122,148,9.6,,4
2019-09-16T20:32:50Z,-27.712069,152.468339,122,148,9.6,,4
2019-09-16T20:32:52Z,-27.712033,152.468306,122,147,9.57,,4
2019-09-16T20:32:54Z,-27.711997,152.468272,122,146,9.55,,4
2019-09-16T20:32:56Z,-27.711962,152.468237,122,146,9.49,,4
2019-09-16T20:32:58Z,-27.711926,152.468203,122,147,9.49,,4
2019-09-16T20:32:58Z,-27.711926,152.468203,122,147,9.49,,4
2019-09-16T20:33:00Z,-27.711891,152.468165,122,147,9.49,,4
2019-09-16T20:33:02Z,-27.711859,152.468129,122,147,9.46,,4
2019-09-16T20:33:04Z,-27.711826,152.468095,122,148,9.46,,4
2019-09-16T20:33:06Z,-27.711791,152.468064,122,147,9.46,,4
2019-09-16T20:33:08Z,-27.711752,152.468036,121,148,9.41,,4
2019-09-16T20:33:10Z,-27.711712,152.468009,121,148,9.41,,4
2019-09-16T20:33:12Z,-27.711672,152.467987,121,147,0,,4
2019-09-16T20:33:14Z,,,121,147,0,,4
2019-09-16T20:33:16Z,,,121,147,0,,4
2019-09-16T20:33:18Z,,,120,147,0,,4
2019-09-16T20:33:20Z,-27.711645,152.467967,120,147,0,,4
2019-09-16T20:33:22Z,-27.711645,152.467967,120,147,8.92,,4
2019-09-16T20:33:24Z,-27.711633,152.46795,120,147,8.57,,4
2019-09-16T20:33:26Z,-27.711615,152.467937,120,147,7.94,,4
2019-09-16T20:33:28Z,,,120,147,0,,4
2019-09-16T20:33:30Z,,,120,146,0,,4
2019-09-16T20:33:32Z,,,121,146,0,,4
2019-09-16T20:33:34Z,-27.711592,152.467929,121,146,0,,4
2019-09-16T20:33:36Z,-27.711575,152.467921,121,146,6.12,,4
2019-09-16T20:33:38Z,-27.711553,152.467906,121,148,6.5,,4
2019-09-16T20:33:40Z,-27.711523,152.46788,121,148,8.82,,4
2019-09-16T20:33:42Z,-27.711491,152.46784,121,150,9.18,,4
2019-09-16T20:33:44Z,-27.711464,152.467792,121,154,9.8,,4
2019-09-16T20:33:46Z,-27.711451,152.467738,121,154,9.85,,4
2019-09-16T20:33:48Z,-27.71145,152.467684,120,154,9.76,,4
2019-09-16T20:33:50Z,-27.711457,152.467631,120,154,9.64,,4
2019-09-16T20:33:52Z,-27.711473,152.467581,120,153,9.63,,4
2019-09-16T20:33:54Z,-27.711497,152.467531,120,153,9.69,,4
2019-09-16T20:33:56Z,-27.711522,152.467482,120,153,9.78,,4
2019-09-16T20:33:58Z,-27.711547,152.467434,120,153,9.8,,4
2019-09-16T20:34:00Z,-27.711577,152.467389,120,153,9.83,,4
2019-09-16T20:34:02Z,-27.711612,152.467348,120,153,9.89,,4
2019-09-16T20:34:04Z,-27.711651,152.46731,120,153,9.94,,4
2019-09-16T20:34:06Z,-27.71169,152.467274,120,153,9.97,,4
2019-09-16T20:34:08Z,-27.71173,152.46724,120,154,9.89,,4
2019-09-16T20:34:10Z,-27.71177,152.46721,120,153,9.89,,4
2019-09-16T20:34:12Z,-27.71181,152.467184,120,153,9.89,,4
2019-09-16T20:34:14Z,-27.711853,152.467168,120,153,9.86,,4
2019-09-16T20:34:16Z,-27.711901,152.467158,120,152,9.86,,4
2019-09-16T20:34:18Z,-27.71195,152.467156,120,152,9.86,,4
2019-09-16T20:34:20Z,-27.711993,152.467171,120,152,9.84,,4
2019-09-16T20:34:22Z,-27.712033,152.467197,120,156,9.84,,4
2019-09-16T20:34:24Z,-27.71207,152.467226,120,164,9.73,,4
2019-09-16T20:34:26Z,-27.712108,152.467257,120,168,9.73,,4
2019-09-16T20:34:28Z,-27.712146,152.467289,121,168,9.73,,4
2019-09-16T20:34:30Z,-27.71218,152.467316,121,168,9.72,,4
2019-09-16T20:34:32Z,-27.712213,152.467331,121,167,9.72,,4
2019-09-16T20:34:34Z,-27.712247,152.467342,121,163,9.57,,4
2019-09-16T20:34:36Z,-27.712286,152.467346,121,162,9.57,,4
2019-09-16T20:34:38Z,-27.712327,152.467333,121,162,9.57,,4
2019-09-16T20:34:40Z,-27.71236,152.467301,121,166,9.27,,4
2019-09-16T20:34:42Z,-27.712383,152.467259,121,167,8.73,,4
2019-09-16T20:34:44Z,-27.712402,152.467215,121,168,8.78,,4
2019-09-16T20:34:46Z,-27.712415,152.467173,121,168,8.68,,4
2019-09-16T20:34:48Z,-27.712411,152.467133,121,165,8.63,,4
2019-09-16T20:34:50Z,-27.712396,152.467092,121,163,8.57,,4
2019-09-16T20:34:52Z,-27.712372,152.467049,121,163,8.57,,4
2019-09-16T20:34:54Z,-27.712345,152.467004,121,163,8.57,,4
2019-09-16T20:34:56Z,-27.712316,152.466957,121,164,8.68,,4
2019-09-16T20:34:58Z,-27.712291,152.466908,121,164,8.68,,4
2019-09-16T20:35:00Z,-27.712276,152.466865,121,162,8.68,,4
2019-09-16T20:35:02Z,-27.712272,152.466828,122,162,8.87,,4
2019-09-16T20:35:04Z,-27.712277,152.466792,122,161,8.87,,4
2019-09-16T20:35:06Z,-27.71229,152.466756,122,160,8.8,,4
2019-09-16T20:35:08Z,-27.712305,152.466721,122,159,8.8,,4
2019-09-16T20:35:10Z,-27.712321,152.466685,122,158,8.8,,4
2019-09-16T20:35:12Z,-27.712324,152.466647,122,157,8.39,,4
2019-09-16T20:35:14Z,-27.712303,152.466616,122,157,8.39,,4
2019-09-16T20:35:16Z,-27.712262,152.46659,122,156,8.13,,4
2019-09-16T20:35:18Z,-27.712223,152.466564,123,157,8.13,,4
2019-09-16T20:35:20Z,-27.712196,152.466533,123,158,8.13,,4
2019-09-16T20:35:22Z,-27.712166,152.466501,123,159,8.14,,4
2019-09-16T20:35:24Z,-27.71213,152.466474,123,157,8.14,,4
2019-09-16T20:35:26Z,-27.712087,152.46645,123,157,8.08,,4
2019-09-16T20:35:28Z,-27.71204,152.466431,123,157,8.08,,4
2019-09-16T20:35:30Z,-27.711991,152.466414,123,158,8.08,,4
2019-09-16T20:35:32Z,-27.711941,152.466397,122,162,8.2,,4
2019-09-16T20:35:34Z,-27.711894,152.466385,122,163,8.2,,4
2019-09-16T20:35:36Z,-27.711848,152.466374,122,163,8.49,,4
2019-09-16T20:35:38Z,-27.711804,152.466363,122,162,8.49,,4
2019-09-16T20:35:40Z,-27.711764,152.46635,122,162,8.49,,4
2019-09-16T20:35:42Z,-27.711725,152.466334,121,162,8.78,,4
2019-09-16T20:35:44Z,-27.711683,152.466316,121,162,8.78,,4
2019-09-16T20:35:46Z,-27.711644,152.466304,121,162,9.19,,4
2019-09-16T20:35:48Z,-27.711609,152.466297,121,162,9.19,,4
2019-09-16T20:35:50Z,-27.711577,152.466284,121,162,9.19,,4
2019-09-16T20:35:52Z,-27.711541,152.466264,121,162,8.83,,4
2019-09-16T20:35:54Z,-27.711505,152.466236,121,162,8.83,,4
2019-09-16T20:35:56Z,-27.711477,152.466198,121,163,8.56,,4
2019-09-16T20:35:58Z,-27.711468,152.466149,121,163,8.56,,4
2019-09-16T20:36:00Z,-27.711473,152.466094,121,163,8.56,,4
2019-09-16T20:36:02Z,-27.711493,152.466048,122,162,8.61,,4
2019-09-16T20:36:04Z,-27.711528,152.466018,122,162,8.61,,4
2019-09-16T20:36:06Z,-27.711575,152.466006,122,162,8.75,,4
2019-09-16T20:36:08Z,-27.711628,152.466008,122,162,8.75,,4
2019-09-16T20:36:10Z,-27.711683,152.466013,122,162,8.75,,4
2019-09-16T20:36:12Z,-27.711737,152.466015,122,163,8.92,,4
2019-09-16T20:36:14Z,-27.71179,152.466018,122,163,8.92,,4
2019-09-16T20:36:16Z,-27.711841,152.466024,122,163,9.1,,4
2019-09-16T20:36:18Z,-27.711889,152.466034,122,163,9.1,,4
2019-09-16T20:36:20Z,-27.711931,152.46605,122,164,9.1,,4
2019-09-16T20:36:22Z,-27.71197,152.466076,122,165,9.16,,4
2019-09-16T20:36:24Z,-27.712007,152.466109,122,165,9.16,,4
2019-09-16T20:36:26Z,-27.712048,152.466142,122,165,9.15,,4
2019-09-16T20:36:28Z,-27.712089,152.46617,122,165,9.15,,4
2019-09-16T20:36:30Z,-27.71213,152.466189,122,165,9.15,,4
2019-09-16T20:36:32Z,-27.712171,152.466205,121,165,9.12,,4
2019-09-16T20:36:34Z,-27.712213,152.466223,121,165,9.11,,4
2019-09-16T20:36:36Z,-27.712255,152.466242,121,165,9.13,,4
2019-09-16T20:36:38Z,-27.712301,152.466254,121,166,9.1,,4
2019-09-16T20:36:40Z,-27.712348,152.466259,121,166,9.06,,4
2019-09-16T20:36:42Z,-27.712395,152.466262,121,166,9.06,,4
2019-09-16T20:36:44Z,-27.712439,152.466268,121,165,9.06,,4
2019-09-16T20:36:46Z,-27.712482,152.466274,121,165,9.05,,4
2019-09-16T20:36:48Z,-27.712521,152.466269,122,165,9.05,,4
2019-09-16T20:36:50Z,-27.712553,152.466248,122,165,9.05,,4
2019-09-16T20:36:52Z,-27.712581,152.466221,122,165,9.02,,4
2019-09-16T20:36:54Z,-27.712613,152.466198,122,165,9.02,,4
2019-09-16T20:36:56Z,-27.712652,152.466183,122,164,8.88,,4
2019-09-16T20:36:58Z,-27.712692,152.466164,123,164,8.88,,4
2019-09-16T20:37:00Z,-27.712728,152.466136,123,164,8.88,,4
2019-09-16T20:37:02Z,-27.712761,152.466102,123,164,8.79,,4
2019-09-16T20:37:04Z,-27.712789,152.466063,123,164,8.79,,4
2019-09-16T20:37:06Z,-27.712815,152.466022,123,163,8.79,,4
2019-09-16T20:37:08Z,-27.712843,152.46598,124,163,8.79,,4
2019-09-16T20:37:10Z,-27.712868,152.465938,124,164,8.79,,4
2019-09-16T20:37:12Z,-27.712891,152.465896,124,164,8.86,,4
2019-09-16T20:37:14Z,-27.712909,152.465853,124,164,8.86,,4
2019-09-16T20:37:16Z,-27.712926,152.465809,124,164,8.87,,4
2019-09-16T20:37:18Z,-27.712942,152.465764,124,166,8.87,,4
2019-09-16T20:37:20Z,-27.712962,152.465719,124,166,8.87,,4
2019-09-16T20:37:22Z,-27.712984,152.465677,125,165,8.86,,4
2019-09-16T20:37:24Z,-27.713001,152.465634,125,166,8.86,,4
2019-09-16T20:37:26Z,-27.713006,152.465587,125,166,8.79,,4
2019-09-16T20:37:28Z,-27.713002,152.465541,125,166,8.79,,4
2019-09-16T20:37:30Z,-27.712994,152.465495,125,165,8.79,,4
2019-09-16T20:37:32Z,-27.712988,152.465447,125,165,8.78,,4
2019-09-16T20:37:34Z,-27.71298,152.465392,125,165,8.78,,4
2019-09-16T20:37:36Z,-27.712971,152.465337,125,165,8.82,,4
2019-09-16T20:37:38Z,-27.712969,152.465284,126,165,8.82,,4
2019-09-16T20:37:40Z,-27.712979,152.465229,126,165,8.82,,4
2019-09-16T20:37:42Z,-27.712994,152.465175,126,165,8.91,,4
2019-09-16T20:37:44Z,-27.712999,152.465122,126,165,8.91,,4
2019-09-16T20:37:46Z,-27.71299,152.465068,126,165,9.05,,4
2019-09-16T20:37:48Z,-27.712975,152.465014,125,165,9.05,,4
2019-09-16T20:37:50Z,-27.712957,152.464961,125,165,9.05,,4
2019-09-16T20:37:52Z,-27.712935,152.464911,124,165,9.14,,4
2019-09-16T20:37:54Z,-27.712908,152.46486,124,165,9.14,,4
2019-09-16T20:37:56Z,-27.712882,152.464809,124,165,9.28,,4
2019-09-16T20:37:58Z,-27.712862,152.464758,124,165,9.28,,4
2019-09-16T20:38:00Z,-27.712849,152.464709,124,166,9.28,,4
2019-09-16T20:38:02Z,-27.712834,152.46466,124,165,9.41,,4
2019-09-16T20:38:04Z,-27.712819,152.464609,124,165,9.41,,4
2019-09-16T20:38:06Z,-27.712803,152.464555,124,166,9.49,,4
2019-09-16T20:38:08Z,-27.71279,152.464498,124,167,9.46,,4
2019-09-16T20:38:10Z,-27.712783,152.464441,124,169,9.53,,4
2019-09-16T20:38:12Z,-27.712781,152.464386,124,169,9.57,,4
2019-09-16T20:38:14Z,-27.712776,152.464329,124,168,9.62,,4
2019-09-16T20:38:16Z,-27.712767,152.464274,124,168,9.63,,4
2019-09-16T20:38:18Z,-27.71276,152.46422,124,169,9.63,,4
2019-09-16T20:38:20Z,-27.712763,152.46417,124,168,9.64,,4
2019-09-16T20:38:22Z,-27.712774,152.464122,124,168,9.64,,4
2019-09-16T20:38:24Z,-27.712782,152.464075,124,168,9.64,,4
2019-09-16T20:38:26Z,-27.712785,152.464028,124,168,9.6,,4
2019-09-16T20:38:28Z,-27.712781,152.463981,124,169,9.6,,4
2019-09-16T20:38:30Z,-27.712769,152.463935,124,168,9.48,,4
2019-09-16T20:38:32Z,-27.712745,152.463896,124,168,9.48,,4
2019-09-16T20:38:34Z,-27.712717,152.463863,124,167,9.48,,4
2019-09-16T20:38:36Z,-27.712693,152.463829,124,167,9.38,,4
2019-09-16T20:38:38Z,-27.712681,152.463785,124,167,9.38,,4
2019-09-16T20:38:40Z,-27.712687,152.463735,124,168,9.36,,4
2019-09-16T20:38:42Z,-27.712707,152.463685,124,168,9.36,,4
2019-09-16T20:38:44Z,-27.712733,152.463638,124,168,9.36,,4
2019-09-16T20:38:46Z,-27.712767,152.463601,124,168,9.45,,4
2019-09-16T20:38:48Z,-27.712801,152.463579,124,169,9.45,,4
2019-09-16T20:38:50Z,-27.712835,152.463571,124,169,9.22,,4
2019-09-16T20:38:52Z,-27.712865,152.463577,124,168,8.42,,4
2019-09-16T20:38:54Z,-27.712888,152.463596,124,167,8.29,,4
2019-09-16T20:38:56Z,-27.71291,152.463627,124,167,7.95,,4
2019-09-16T20:38:58Z,-27.712935,152.463663,124,167,8.12,,4
2019-09-16T20:39:00Z,-27.712965,152.463698,124,166,8.2,,4
2019-09-16T20:39:02Z,-27.713,152.463732,125,166,8.21,,4
2019-09-16T20:39:04Z,-27.713035,152.463763,125,166,8.21,,4
2019-09-16T20:39:06Z,-27.713069,152.463797,125,166,8.3,,4
2019-09-16T20:39:08Z,-27.713103,152.46383,126,166,8.3,,4
2019-09-16T20:39:10Z,-27.713135,152.463865,126,165,8.3,,4
2019-09-16T20:39:12Z,-27.713167,152.4639,126,165,8.53,,4
2019-09-16T20:39:14Z,-27.713204,152.463928,126,165,8.53,,4
2019-09-16T20:39:16Z,-27.713243,152.463935,126,164,8.71,,4
2019-09-16T20:39:18Z,-27.71328,152.463919,126,164,8.71,,4
2019-09-16T20:39:20Z,-27.713314,152.463885,126,164,8.71,,4
2019-09-16T20:39:22Z,-27.713343,152.463844,127,164,8.69,,4
2019-09-16T20:39:24Z,-27.713363,152.463798,127,163,8.69,,4
2019-09-16T20:39:26Z,-27.713361,152.463753,127,163,8.64,,4
2019-09-16T20:39:28Z,-27.713334,152.463713,127,162,8.64,,4
2019-09-16T20:39:30Z,-27.713295,152.46368,127,162,8.64,,4
2019-09-16T20:39:32Z,-27.713257,152.463652,128,162,8.71,,4
2019-09-16T20:39:34Z,-27.71322,152.463624,128,163,8.71,,4
2019-09-16T20:39:36Z,-27.713184,152.463595,128,162,8.78,,4
2019-09-16T20:39:38Z,-27.713147,152.463565,128,162,8.78,,4
2019-09-16T20:39:40Z,-27.71311,152.463531,128,161,8.78,,4
2019-09-16T20:39:42Z,-27.713072,152.463495,128,162,8.88,,4
2019-09-16T20:39:44Z,-27.713036,152.463456,128,161,8.88,,4
2019-09-16T20:39:46Z,-27.713002,152.463419,128,161,8.99,,4
2019-09-16T20:39:48Z,-27.712967,152.463381,127,161,8.99,,4
2019-09-16T20:39:50Z,-27.712933,152.463343,127,161,8.99,,4
2019-09-16T20:39:52Z,-27.712898,152.463307,127,161,9.04,,4
2019-09-16T20:39:54Z,-27.712863,152.463273,127,162,9.04,,4
2019-09-16T20:39:56Z,-27.71283,152.463237,127,162,9.04,,4
2019-09-16T20:39:58Z,-27.712794,152.463203,127,162,9.14,,4
2019-09-16T20:40:00Z,-27.712759,152.463168,127,161,9.16,,4
2019-09-16T20:40:02Z,-27.712725,152.463131,127,161,9.19,,4
2019-09-16T20:40:04Z,-27.712694,152.463089,127,161,9.31,,4
2019-09-16T20:40:06Z,-27.712663,152.463044,127,161,9.35,,4
2019-09-16T20:40:08Z,-27.712632,152.463001,126,161,9.35,,4
2019-09-16T20:40:10Z,-27.7126,152.462962,126,161,9.35,,4
2019-09-16T20:40:12Z,-27.712576,152.462924,125,160,9.4,,4
2019-09-16T20:40:14Z,-27.712559,152.462878,125,160,9.4,,4
2019-09-16T20:40:16Z,-27.712549,152.462829,125,160,9.4,,4
2019-09-16T20:40:18Z,-27.712547,152.462777,124,161,9.4,,4
2019-09-16T20:40:20Z,-27.712544,152.462725,124,161,9.4,,4
2019-09-16T20:40:22Z,-27.712532,152.462675,124,161,9.36,,4
2019-09-16T20:40:24Z,-27.712506,152.462634,124,161,9.36,,4
2019-09-16T20:40:26Z,-27.71247,152.462611,124,162,9.23,,4
2019-09-16T20:40:28Z,-27.712428,152.462608,124,162,9.23,,4
2019-09-16T20:40:30Z,-27.712382,152.462607,124,162,9.23,,4
2019-09-16T20:40:32Z,-27.712336,152.462597,125,162,9.13,,4
2019-09-16T20:40:34Z,-27.712297,152.462571,125,163,9.13,,4
2019-09-16T20:40:36Z,-27.712273,152.462531,125,163,9.09,,4
2019-09-16T20:40:38Z,-27.712266,152.462481,125,165,9.09,,4
2019-09-16T20:40:40Z,-27.712274,152.462428,125,163,9.09,,4
2019-09-16T20:40:42Z,-27.712282,152.462375,126,163,9.12,,4
2019-09-16T20:40:44Z,-27.712279,152.462325,126,162,9.12,,4
2019-09-16T20:40:46Z,-27.712266,152.462277,126,163,9.12,,4
2019-09-16T20:40:48Z,-27.712253,152.46223,126,163,9.12,,4
2019-09-16T20:40:50Z,-27.712246,152.462185,126,163,9.12,,4
2019-09-16T20:40:52Z,-27.712243,152.462138,126,163,9.08,,4
2019-09-16T20:40:54Z,-27.712244,152.46209,126,163,9.08,,4
2019-09-16T20:40:56Z,-27.712245,152.46204,126,163,9.03,,4
2019-09-16T20:40:58Z,-27.712246,152.461992,126,163,9.03,,4
2019-09-16T20:41:00Z,-27.712245,152.461946,126,163,9.03,,4
2019-09-16T20:41:02Z,-27.71225,152.461905,126,163,8.96,,4
2019-09-16T20:41:04Z,-27.712263,152.461862,126,163,8.96,,4
2019-09-16T20:41:06Z,-27.712286,152.461821,126,163,8.93,,4
2019-09-16T20:41:08Z,-27.71231,152.461781,127,163,8.93,,4
2019-09-16T20:41:10Z,-27.712332,152.461744,127,164,8.93,,4
2019-09-16T20:41:12Z,-27.712354,152.461707,127,164,8.87,,4
2019-09-16T20:41:14Z,-27.712374,152.461668,127,164,8.87,,4
2019-09-16T20:41:16Z,-27.712384,152.461625,127,163,8.5,,4
2019-09-16T20:41:18Z,-27.712388,152.46158,127,163,8.48,,4
2019-09-16T20:41:20Z,-27.712384,152.461532,127,162,8.41,,4
2019-09-16T20:41:22Z,-27.712373,152.461484,127,162,8.42,,4
2019-09-16T20:41:24Z,-27.712357,152.461438,127,162,8.43,,4
2019-09-16T20:41:26Z,-27.712338,152.461397,127,162,8.43,,4
2019-09-16T20:41:28Z,-27.712317,152.461363,127,163,8.43,,4
2019-09-16T20:41:30Z,-27.712301,152.461329,127,163,8.42,,4
2019-09-16T20:41:32Z,-27.712291,152.461293,128,162,8.42,,4
2019-09-16T20:41:34Z,-27.712284,152.461255,128,162,8.42,,4
2019-09-16T20:41:36Z,-27.71228,152.461212,128,161,8.09,,4
2019-09-16T20:41:38Z,-27.712278,152.461163,129,162,8.09,,4
2019-09-16T20:41:40Z,-27.712274,152.461116,129,162,7.98,,4
2019-09-16T20:41:42Z,-27.71226,152.461072,130,164,7.98,,4
2019-09-16T20:41:44Z,-27.712243,152.461033,130,165,7.98,,4
2019-09-16T20:41:46Z,-27.712224,152.460995,130,164,8.06,,4
2019-09-16T20:41:48Z,-27.712206,152.460955,131,164,7.98,,4
2019-09-16T20:41:50Z,-27.712194,152.460915,131,164,7.68,,4
2019-09-16T20:41:52Z,-27.712186,152.460873,132,164,7.8,,4
2019-09-16T20:41:54Z,-27.712181,152.460826,132,164,7.89,,4
2019-09-16T20:41:56Z,-27.712179,152.460775,132,164,8.09,,4
2019-09-16T20:41:58Z,-27.712181,152.460723,132,164,8.09,,4
2019-09-16T20:42:00Z,-27.712181,152.460674,132,164,8.09,,4
2019-09-16T20:42:02Z,-27.71218,152.460626,132,164,8.21,,4
2019-09-16T20:42:04Z,-27.712181,152.460577,132,164,8.21,,4
2019-09-16T20:42:06Z,-27.712184,152.460528,132,164,8.38,,4
2019-09-16T20:42:08Z,-27.71219,152.460478,132,164,8.38,,4
2019-09-16T20:42:10Z,-27.712197,152.460428,132,165,8.38,,4
2019-09-16T20:42:12Z,-27.712202,152.460378,133,165,8.51,,4
2019-09-16T20:42:14Z,-27.712206,152.460327,133,165,8.51,,4
2019-09-16T20:42:16Z,-27.712212,152.460277,133,165,8.58,,4
2019-09-16T20:42:18Z,-27.71222,152.460231,133,164,8.68,,4
2019-09-16T20:42:20Z,-27.712225,152.460184,133,164,8.66,,4
2019-09-16T20:42:22Z,-27.712235,152.460134,133,163,8.7,,4
2019-09-16T20:42:24Z,-27.712248,152.460083,133,162,8.73,,4
2019-09-16T20:42:26Z,-27.712258,152.460034,133,162,8.81,,4
2019-09-16T20:42:28Z,-27.712268,152.459987,133,162,8.81,,4
2019-09-16T20:42:30Z,-27.712279,152.45994,133,161,8.81,,4
2019-09-16T20:42:32Z,-27.712288,152.459892,133,161,8.8,,4
2019-09-16T20:42:34Z,-27.712294,152.459845,133,161,8.8,,4
2019-09-16T20:42:36Z,-27.712298,152.459801,133,161,8.8,,4
2019-09-16T20:42:38Z,-27.7123,152.459758,133,161,8.71,,4
2019-09-16T20:42:40Z,-27.712301,152.459717,133,161,8.71,,4
2019-09-16T20:42:42Z,-27.712303,152.459673,133,161,8.55,,4
2019-09-16T20:42:44Z,-27.712301,152.459626,133,161,8.55,,4
2019-09-16T20:42:46Z,-27.712295,152.45958,133,161,8.55,,4
2019-09-16T20:42:48Z,-27.712283,152.459541,134,161,8.42,,4
2019-09-16T20:42:50Z,-27.712269,152.459506,134,161,8.42,,4
2019-09-16T20:42:52Z,-27.712255,152.459471,134,161,6.88,,4
2019-09-16T20:42:54Z,-27.712243,152.459437,134,159,6.74,,4
2019-09-16T20:42:56Z,-27.71223,152.459401,134,158,6.51,,4
2019-09-16T20:42:58Z,-27.71222,152.459362,134,158,6.38,,4
2019-09-16T20:43:00Z,-27.712218,152.459323,134,158,6.3,,4
2019-09-16T20:43:02Z,-27.712222,152.459286,134,157,6.28,,4
2019-09-16T20:43:04Z,-27.712227,152.459248,134,157,6.33,,4
2019-09-16T20:43:06Z,-27.712235,152.459209,134,157,6.3,,4
2019-09-16T20:43:08Z,-27.712245,152.459173,134,156,6.23,,4
2019-09-16T20:43:10Z,-27.712254,152.459142,134,156,6.19,,4
2019-09-16T20:43:12Z,-27.712255,152.459109,135,156,6.19,,4
2019-09-16T20:43:14Z,-27.712252,152.459073,135,156,6.19,,4
2019-09-16T20:43:16Z,-27.712247,152.459038,135,157,6.17,,4
2019-09-16T20:43:18Z,-27.712241,152.459008,135,154,6.15,,4
2019-09-16T20:43:20Z,-27.712238,152.458978,135,154,6.09,,4
2019-09-16T20:43:22Z,-27.712244,152.458944,135,153,6.09,,4
2019-09-16T20:43:24Z,-27.712257,152.458908,135,149,6.09,,4
2019-09-16T20:43:26Z,-27.712263,152.458892,135,148,6.02,,4
2019-09-16T20:43:28Z,-27.712264,152.458869,135,147,6.02,,4
2019-09-16T20:43:30Z,-27.712262,152.458847,135,147,6.02,,4
2019-09-16T20:43:32Z,-27.712264,152.458826,136,146,5.94,,4
2019-09-16T20:43:34Z,-27.712272,152.458802,136,146,5.94,,4
2019-09-16T20:43:36Z,-27.712278,152.458771,136,146,6.05,,4
2019-09-16T20:43:38Z,-27.712272,152.458737,136,146,6.05,,4
2019-09-16T20:43:40Z,-27.712257,152.4587,136,146,6.05,,4
2019-09-16T20:43:42Z,-27.71225,152.45867,136,146,6.08,,4
2019-09-16T20:43:44Z,-27.712261,152.458654,136,146,6.08,,4
2019-09-16T20:43:46Z,-27.712286,152.458645,136,146,5.88,,4
2019-09-16T20:43:48Z,-27.712322,152.458629,136,146,5.88,,4
2019-09-16T20:43:50Z,-27.712365,152.458606,136,146,5.88,,4
2019-09-16T20:43:52Z,-27.712415,152.458576,136,146,5.69,,4
2019-09-16T20:43:54Z,-27.712467,152.458544,136,146,8.99,,4
2019-09-16T20:43:56Z,-27.712519,152.458513,136,146,10.46,,4
2019-09-16T20:43:58Z,-27.712569,152.458482,136,146,10.59,,4
2019-09-16T20:44:00Z,-27.712615,152.458451,136,146,10.5,,4
2019-09-16T20:44:02Z,-27.712662,152.458423,135,146,10.5,,4
2019-09-16T20:44:04Z,-27.712711,152.458401,135,145,10.79,,4
2019-09-16T20:44:06Z,-27.712762,152.458379,135,145,10.9,,4
2019-09-16T20:44:08Z,-27.712813,152.458356,135,149,10.85,,4
2019-09-16T20:44:10Z,-27.712862,152.458333,135,152,10.77,,4
2019-09-16T20:44:12Z,-27.71291,152.458309,135,152,10.74,,4
2019-09-16T20:44:14Z,-27.712958,152.458283,135,152,10.77,,4
2019-09-16T20:44:16Z,-27.713007,152.458252,135,151,10.77,,4
2019-09-16T20:44:18Z,-27.713051,152.458219,134,151,10.7,,4
2019-09-16T20:44:20Z,-27.713093,152.458189,134,151,10.63,,4
2019-09-16T20:44:22Z,-27.713132,152.458166,134,151,10.46,,4
2019-09-16T20:44:24Z,-27.713173,152.458152,134,151,10.46,,4
2019-09-16T20:44:26Z,-27.713215,152.458142,134,151,10.46,,4
2019-09-16T20:44:28Z,-27.713257,152.458132,135,151,10.35,,4
2019-09-16T20:44:30Z,-27.713296,152.45812,135,151,10.35,,4
2019-09-16T20:44:32Z,-27.713331,152.458103,135,151,10.35,,4
2019-09-16T20:44:34Z,-27.713362,152.45808,135,151,10.05,,4
2019-09-16T20:44:36Z,-27.713391,152.458055,135,151,10.05,,4
2019-09-16T20:44:38Z,-27.713419,152.458031,135,151,9.7,,4
2019-09-16T20:44:40Z,-27.713446,152.458011,135,152,9.7,,4
2019-09-16T20:44:42Z,-27.713475,152.457996,136,151,9.7,,4
2019-09-16T20:44:44Z,-27.713503,152.457979,136,151,9.38,,4
2019-09-16T20:44:46Z,-27.713535,152.457965,136,150,9.22,,4
2019-09-16T20:44:48Z,-27.713569,152.457951,137,149,8.13,,4
2019-09-16T20:44:50Z,-27.713604,152.457936,137,149,7.98,,4
2019-09-16T20:44:52Z,-27.71364,152.457919,138,149,7.73,,4
2019-09-16T20:44:54Z,-27.713673,152.457902,138,149,7.66,,4
2019-09-16T20:44:56Z,-27.713707,152.457888,138,149,7.64,,4
2019-09-16T20:44:58Z,-27.713741,152.457874,139,149,7.64,,4
2019-09-16T20:45:00Z,-27.713774,152.457861,139,148,7.64,,4
2019-09-16T20:45:02Z,-27.713811,152.457848,140,149,7.64,,4
2019-09-16T20:45:04Z,-27.713847,152.457834,140,149,7.64,,4
2019-09-16T20:45:06Z,-27.713883,152.45782,140,149,7.61,,4
2019-09-16T20:45:08Z,-27.713918,152.457806,141,148,7.61,,4
2019-09-16T20:45:10Z,-27.71395,152.457792,141,148,7.61,,4
2019-09-16T20:45:12Z,-27.713982,152.457775,143,148,7.58,,4
2019-09-16T20:45:14Z,-27.714014,152.457757,143,149,7.58,,4
2019-09-16T20:45:16Z,-27.714046,152.457742,143,149,7.58,,4
2019-09-16T20:45:18Z,-27.714075,152.457725,143,149,7.13,,4
2019-09-16T20:45:20Z,-27.714099,152.457706,143,150,7.04,,4
2019-09-16T20:45:22Z,-27.714123,152.457685,144,150,6.58,,4
2019-09-16T20:45:24Z,-27.714151,152.457665,144,150,6.12,,4
2019-09-16T20:45:26Z,-27.71418,152.457641,144,149,5.99,,4
2019-09-16T20:45:28Z,-27.714209,152.457617,145,148,6.62,,4
2019-09-16T20:45:30Z,-27.714241,152.457596,145,149,6.4,,4
2019-09-16T20:45:32Z,-27.714271,152.457578,146,154,6.21,,4
2019-09-16T20:45:34Z,-27.714299,152.45756,146,154,5.96,,4
2019-09-16T20:45:36Z,-27.714326,152.457542,146,154,5.71,,4
2019-09-16T20:45:38Z,-27.71435,152.457526,147,154,5.51,,4
2019-09-16T20:45:40Z,-27.71437,152.457511,147,152,5.34,,4
2019-09-16T20:45:42Z,-27.71439,152.457498,147,152,5.3,,4
2019-09-16T20:45:44Z,-27.714408,152.457488,147,152,5.29,,4
2019-09-16T20:45:46Z,-27.714426,152.457476,147,152,5.31,,4
2019-09-16T20:45:48Z,-27.714446,152.457463,148,152,5.33,,4
2019-09-16T20:45:50Z,-27.71447,152.457453,148,152,5.38,,4
2019-09-16T20:45:52Z,-27.714501,152.45745,149,152,5.81,,4
2019-09-16T20:45:54Z,-27.714536,152.457459,149,152,6.22,,4
2019-09-16T20:45:56Z,-27.714568,152.457482,149,152,7.74,,4
2019-09-16T20:45:58Z,-27.714602,152.457513,149,152,8.59,,4
2019-09-16T20:46:00Z,-27.714634,152.457548,149,152,8.99,,4
2019-09-16T20:46:02Z,-27.714664,152.457586,150,151,8.98,,4
2019-09-16T20:46:04Z,-27.714691,152.457625,150,151,9,,4
2019-09-16T20:46:06Z,-27.714713,152.457669,150,151,8.8,,4
2019-09-16T20:46:08Z,-27.714725,152.457714,150,151,8.65,,4
2019-09-16T20:46:10Z,-27.714727,152.457762,150,151,8.6,,4
2019-09-16T20:46:12Z,-27.714722,152.457811,150,151,8.64,,4
2019-09-16T20:46:14Z,-27.714716,152.457862,150,151,8.73,,4
2019-09-16T20:46:16Z,-27.714712,152.457914,150,151,8.85,,4
2019-09-16T20:46:18Z,-27.714711,152.457968,150,151,8.95,,4
2019-09-16T20:46:20Z,-27.714712,152.458047,150,151,8.99,,4
2019-09-16T20:46:22Z,-27.714712,152.458047,150,151,9.04,,4
2019-09-16T20:46:24Z,-27.714716,152.458098,150,151,9.04,,4
2019-09-16T20:46:26Z,-27.714723,152.45815,150,153,9.04,,4
2019-09-16T20:46:28Z,-27.714733,152.458202,150,153,9.09,,4
2019-09-16T20:46:30Z,-27.714749,152.458253,150,153,9.09,,4
2019-09-16T20:46:32Z,-27.714767,152.458303,150,154,9.09,,4
2019-09-16T20:46:34Z,-27.714786,152.458354,150,157,9.16,,4
2019-09-16T20:46:36Z,-27.714806,152.458405,150,157,9.16,,4
2019-09-16T20:46:38Z,-27.714827,152.458454,150,160,9.25,,4
2019-09-16T20:46:40Z,-27.714846,152.458502,150,160,9.25,,4
2019-09-16T20:46:42Z,-27.714865,152.458551,151,159,9.45,,4
2019-09-16T20:46:44Z,-27.714884,152.458601,151,159,9.46,,4
2019-09-16T20:46:46Z,-27.714904,152.458649,151,159,9.47,,4
2019-09-16T20:46:48Z,-27.714924,152.458697,151,159,9.42,,4
2019-09-16T20:46:50Z,-27.714943,152.458745,151,159,9.4,,4
2019-09-16T20:46:52Z,-27.714962,152.458797,152,160,9.4,,4
2019-09-16T20:46:54Z,-27.714982,152.458848,152,159,9.4,,4
2019-09-16T20:46:56Z,-27.715005,152.458898,152,158,9.45,,4
2019-09-16T20:46:58Z,-27.71503,152.458946,152,158,9.45,,4
2019-09-16T20:47:00Z,-27.715055,152.458994,152,158,9.45,,4
2019-09-16T20:47:02Z,-27.715082,152.459041,152,157,9.5,,4
2019-09-16T20:47:04Z,-27.715114,152.459081,152,157,9.5,,4
2019-09-16T20:47:06Z,-27.715153,152.459112,152,157,9.54,,4
2019-09-16T20:47:08Z,-27.715198,152.45913,152,158,9.54,,4
2019-09-16T20:47:10Z,-27.715245,152.459139,152,157,9.54,,4
2019-09-16T20:47:12Z,-27.715293,152.459143,152,157,9.53,,4
2019-09-16T20:47:14Z,-27.715339,152.459141,152,157,9.4,,4
2019-09-16T20:47:16Z,-27.715381,152.459138,152,157,9.29,,4
2019-09-16T20:47:18Z,-27.715421,152.459137,152,157,9.16,,4
2019-09-16T20:47:20Z,-27.71546,152.459143,152,157,9.1,,4
2019-09-16T20:47:22Z,-27.715499,152.45916,152,156,9.04,,4
2019-09-16T20:47:22Z,-27.715499,152.45916,152,156,9.04,,4
2019-09-16T20:47:24Z,-27.715538,152.459183,152,156,9.04,,4
2019-09-16T20:47:26Z,-27.715573,152.459213,152,156,9.04,,4
2019-09-16T20:47:28Z,-27.715606,152.459249,152,156,9,,4
2019-09-16T20:47:30Z,-27.715637,152.459289,152,157,9,,4
2019-09-16T20:47:32Z,-27.715667,152.459332,152,157,9.04,,4
2019-09-16T20:47:34Z,-27.715698,152.459373,152,157,9.04,,4
2019-09-16T20:47:36Z,-27.715727,152.459414,152,157,9.04,,4
2019-09-16T20:47:38Z,-27.715756,152.459455,152,157,9.08,,4
2019-09-16T20:47:40Z,-27.715788,152.459497,152,157,9.08,,4
2019-09-16T20:47:42Z,-27.715819,152.459537,152,157,9.11,,4
2019-09-16T20:47:44Z,-27.715851,152.459575,152,157,9.11,,4
2019-09-16T20:47:46Z,-27.715885,152.459612,152,158,9.11,,4
2019-09-16T20:47:48Z,-27.715918,152.459647,152,158,9.14,,4
2019-09-16T20:47:50Z,-27.715952,152.45968,152,158,9.14,,4
2019-09-16T20:47:52Z,-27.715985,152.459714,152,157,9.11,,4
2019-09-16T20:47:54Z,-27.716015,152.459752,152,157,9.11,,4
2019-09-16T20:47:56Z,-27.716045,152.459793,152,157,9.11,,4
2019-09-16T20:47:58Z,-27.716073,152.459835,151,157,9.16,,4
2019-09-16T20:48:00Z,-27.7161,152.459879,151,157,9.16,,4
2019-09-16T20:48:02Z,-27.716124,152.459924,151,157,9.3,,4
2019-09-16T20:48:04Z,-27.716143,152.459973,151,158,9.27,,4
2019-09-16T20:48:06Z,-27.716159,152.460024,151,155,9.28,,4
2019-09-16T20:48:08Z,-27.716174,152.460074,151,154,9.28,,4
2019-09-16T20:48:10Z,-27.716191,152.460123,151,155,9.25,,4
2019-09-16T20:48:12Z,-27.716208,152.460173,151,155,9.25,,4
2019-09-16T20:48:14Z,-27.716226,152.460223,151,155,9.25,,4
2019-09-16T20:48:16Z,-27.716241,152.460273,151,155,9.26,,4
2019-09-16T20:48:18Z,-27.716254,152.460324,151,154,9.26,,4
2019-09-16T20:48:20Z,-27.716269,152.460375,151,154,9.26,,4
2019-09-16T20:48:22Z,-27.716282,152.460424,152,154,9.25,,4
2019-09-16T20:48:24Z,-27.716294,152.460474,152,154,9.25,,4
2019-09-16T20:48:26Z,-27.716303,152.460527,152,154,9.26,,4
2019-09-16T20:48:28Z,-27.716316,152.460578,153,154,9.26,,4
2019-09-16T20:48:30Z,-27.716326,152.460622,153,154,9.26,,4
2019-09-16T20:48:32Z,-27.716334,152.460655,153,154,9.3,,4
2019-09-16T20:48:34Z,-27.716342,152.460687,153,153,9.3,,4
2019-09-16T20:48:36Z,-27.716356,152.460724,153,153,9.09,,4
2019-09-16T20:48:38Z,-27.716378,152.460764,154,153,9.09,,4
2019-09-16T20:48:40Z,-27.716405,152.460803,154,153,9.09,,4
2019-09-16T20:48:42Z,-27.716435,152.460842,154,154,8.92,,4
2019-09-16T20:48:44Z,-27.716465,152.46088,154,154,8.92,,4
2019-09-16T20:48:46Z,-27.716491,152.460918,154,154,8.91,,4
2019-09-16T20:48:48Z,-27.716517,152.460957,154,154,8.91,,4
2019-09-16T20:48:50Z,-27.716543,152.460997,154,154,8.91,,4
2019-09-16T20:48:52Z,-27.716568,152.461037,154,154,8.95,,4
2019-09-16T20:48:54Z,-27.716593,152.461077,154,154,8.95,,4
2019-09-16T20:48:56Z,-27.716621,152.461114,154,154,8.92,,4
2019-09-16T20:48:58Z,-27.716654,152.461149,155,153,8.91,,4
2019-09-16T20:49:00Z,-27.716691,152.46118,155,153,8.9,,4
2019-09-16T20:49:02Z,-27.71673,152.461206,155,153,8.9,,4
2019-09-16T20:49:04Z,-27.716772,152.461222,155,154,8.88,,4
2019-09-16T20:49:06Z,-27.716815,152.461231,155,154,8.87,,4
2019-09-16T20:49:08Z,-27.71686,152.46124,155,153,8.87,,4
2019-09-16T20:49:10Z,-27.716902,152.461253,155,153,8.87,,4
2019-09-16T20:49:12Z,-27.716942,152.461269,157,153,8.87,,4
2019-09-16T20:49:14Z,-27.716982,152.461289,157,153,8.87,,4
2019-09-16T20:49:16Z,-27.71702,152.461309,157,154,8.87,,4
2019-09-16T20:49:18Z,-27.717055,152.461331,157,154,8.84,,4
2019-09-16T20:49:20Z,-27.717088,152.461354,157,154,8.84,,4
2019-09-16T20:49:22Z,-27.717122,152.461377,158,154,8.77,,4
2019-09-16T20:49:24Z,-27.717157,152.461396,158,154,8.77,,4
2019-09-16T20:49:26Z,-27.717196,152.46141,158,154,8.77,,4
2019-09-16T20:49:28Z,-27.717238,152.461418,159,154,8.64,,4
2019-09-16T20:49:30Z,-27.71728,152.46142,159,154,8.64,,4
2019-09-16T20:49:32Z,-27.717322,152.46142,159,154,8.62,,4
2019-09-16T20:49:34Z,-27.717364,152.461418,159,154,8.62,,4
2019-09-16T20:49:36Z,-27.717408,152.461416,159,154,8.62,,4
2019-09-16T20:49:38Z,-27.717453,152.461419,160,154,8.65,,4
2019-09-16T20:49:40Z,-27.717494,152.461429,160,154,8.65,,4
2019-09-16T20:49:42Z,-27.717532,152.461448,160,154,8.55,,4
2019-09-16T20:49:44Z,-27.717563,152.461476,160,155,8.53,,4
2019-09-16T20:49:46Z,-27.717586,152.461511,160,156,8.46,,4
2019-09-16T20:49:48Z,-27.717599,152.461552,160,156,8.47,,4
2019-09-16T20:49:50Z,-27.717598,152.461598,160,158,8.48,,4
2019-09-16T20:49:52Z,-27.71759,152.461648,160,156,8.49,,4
2019-09-16T20:49:54Z,-27.717576,152.461698,160,156,8.49,,4
2019-09-16T20:49:56Z,-27.717559,152.461746,160,156,8.58,,4
2019-09-16T20:49:58Z,-27.717551,152.461792,160,158,8.58,,4
2019-09-16T20:50:00Z,-27.717554,152.46184,160,158,8.58,,4
2019-09-16T20:50:02Z,-27.717563,152.461888,160,159,8.62,,4
2019-09-16T20:50:04Z,-27.717569,152.461938,160,158,8.62,,4
2019-09-16T20:50:06Z,-27.717568,152.46199,160,158,8.67,,4
2019-09-16T20:50:08Z,-27.717561,152.46204,160,158,8.67,,4
2019-09-16T20:50:10Z,-27.717552,152.462088,160,159,8.67,,4
2019-09-16T20:50:12Z,-27.717541,152.462135,160,161,8.7,,4
2019-09-16T20:50:14Z,-27.717531,152.462182,160,160,8.7,,4
2019-09-16T20:50:16Z,-27.717528,152.462229,160,159,8.66,,4
2019-09-16T20:50:18Z,-27.717531,152.462281,159,159,8.66,,4
2019-09-16T20:50:20Z,-27.71753,152.462338,159,159,8.66,,4
2019-09-16T20:50:22Z,-27.717526,152.462394,159,159,8.74,,4
2019-09-16T20:50:24Z,-27.717526,152.462447,159,159,8.74,,4
2019-09-16T20:50:26Z,-27.717527,152.462497,159,160,8.8,,4
2019-09-16T20:50:28Z,-27.717532,152.462541,159,160,8.77,,4
2019-09-16T20:50:30Z,-27.717543,152.462583,159,161,8.81,,4
2019-09-16T20:50:32Z,-27.71756,152.462628,159,162,8.8,,4
2019-09-16T20:50:34Z,-27.717578,152.462674,159,163,8.89,,4
2019-09-16T20:50:36Z,-27.717592,152.462722,159,162,8.94,,4
2019-09-16T20:50:38Z,-27.717605,152.462771,159,162,8.95,,4
2019-09-16T20:50:40Z,-27.717615,152.462825,159,162,8.95,,4
2019-09-16T20:50:42Z,-27.71762,152.462882,158,162,8.95,,4
2019-09-16T20:50:44Z,-27.717626,152.46294,158,161,9,,4
2019-09-16T20:50:46Z,-27.717634,152.462996,158,161,9,,4
2019-09-16T20:50:48Z,-27.717639,152.463053,158,161,9.06,,4
2019-09-16T20:50:50Z,-27.717638,152.463108,158,162,9.06,,4
2019-09-16T20:50:52Z,-27.717642,152.463161,157,162,9.06,,4
2019-09-16T20:50:54Z,-27.717653,152.463211,157,164,9.08,,4
2019-09-16T20:50:56Z,-27.717665,152.463262,157,164,9.08,,4
2019-09-16T20:50:58Z,-27.717665,152.463312,156,164,9.1,,4
2019-09-16T20:51:00Z,-27.717661,152.463361,156,164,9.1,,4
2019-09-16T20:51:02Z,-27.717662,152.463408,156,164,9.1,,4
2019-09-16T20:51:04Z,-27.71767,152.463454,156,164,9.04,,4
2019-09-16T20:51:06Z,-27.71768,152.463502,156,163,9.04,,4
2019-09-16T20:51:08Z,-27.717686,152.463551,156,163,8.93,,4
2019-09-16T20:51:10Z,-27.717686,152.4636,156,163,8.93,,4
2019-09-16T20:51:12Z,-27.717681,152.463647,156,163,8.93,,4
2019-09-16T20:51:14Z,-27.717678,152.463695,156,163,8.91,,4
2019-09-16T20:51:16Z,-27.71767,152.463743,156,163,8.91,,4
2019-09-16T20:51:18Z,-27.717666,152.463788,156,163,8.85,,4
2019-09-16T20:51:20Z,-27.717674,152.463832,156,163,8.85,,4
2019-09-16T20:51:22Z,-27.717684,152.463879,156,163,8.85,,4
2019-09-16T20:51:24Z,-27.717691,152.463929,156,163,8.77,,4
2019-09-16T20:51:26Z,-27.717699,152.46398,156,163,8.77,,4
2019-09-16T20:51:28Z,-27.717706,152.464028,155,162,8.77,,4
2019-09-16T20:51:30Z,-27.717719,152.464075,155,162,8.77,,4
2019-09-16T20:51:32Z,-27.717732,152.464126,155,163,8.77,,4
2019-09-16T20:51:34Z,-27.717739,152.464178,155,163,8.8,,4
2019-09-16T20:51:36Z,-27.717751,152.464225,155,163,8.8,,4
2019-09-16T20:51:38Z,-27.717766,152.464271,155,162,8.83,,4
2019-09-16T20:51:40Z,-27.717777,152.464321,155,163,8.83,,4
2019-09-16T20:51:42Z,-27.717779,152.464374,155,164,8.83,,4
2019-09-16T20:51:44Z,-27.717782,152.464426,155,164,8.84,,4
2019-09-16T20:51:46Z,-27.717793,152.464476,155,164,8.84,,4
2019-09-16T20:51:48Z,-27.717811,152.464526,155,164,8.85,,4
2019-09-16T20:51:50Z,-27.717828,152.464579,155,163,8.85,,4
2019-09-16T20:51:52Z,-27.71784,152.464631,156,163,8.85,,4
2019-09-16T20:51:54Z,-27.717841,152.46468,156,163,8.9,,4
2019-09-16T20:51:56Z,-27.717834,152.464731,156,163,8.9,,4
2019-09-16T20:51:58Z,-27.717833,152.464786,156,164,8.97,,4
2019-09-16T20:52:00Z,-27.717838,152.464841,156,165,9,,4
2019-09-16T20:52:02Z,-27.717845,152.464892,157,165,9.19,,4
2019-09-16T20:52:04Z,-27.717849,152.464945,157,163,9.25,,4
2019-09-16T20:52:06Z,-27.717851,152.464999,157,162,9.27,,4
2019-09-16T20:52:08Z,-27.717851,152.465054,157,162,9.29,,4
2019-09-16T20:52:10Z,-27.717853,152.46511,157,163,9.27,,4
2019-09-16T20:52:12Z,-27.717854,152.465166,157,162,9.27,,4
2019-09-16T20:52:14Z,-27.717855,152.465222,157,162,9.27,,4
2019-09-16T20:52:16Z,-27.71786,152.465279,157,162,9.29,,4
2019-09-16T20:52:18Z,-27.717867,152.465337,157,162,9.29,,4
2019-09-16T20:52:20Z,-27.717873,152.465396,157,162,9.39,,4
2019-09-16T20:52:22Z,-27.717878,152.465457,157,162,9.39,,4
2019-09-16T20:52:24Z,-27.71788,152.465519,157,162,9.39,,4
2019-09-16T20:52:26Z,-27.717883,152.465583,157,162,9.56,,4
2019-09-16T20:52:28Z,-27.717889,152.465648,157,162,9.56,,4
2019-09-16T20:52:30Z,-27.717893,152.465712,157,162,9.73,,4
2019-09-16T20:52:32Z,-27.717895,152.465774,156,162,10.28,,4
2019-09-16T20:52:34Z,-27.71789,152.465835,156,161,10.32,,4
2019-09-16T20:52:36Z,-27.717875,152.465893,156,160,10.44,,4
2019-09-16T20:52:38Z,-27.717852,152.465949,156,159,10.47,,4
2019-09-16T20:52:40Z,-27.717828,152.465997,156,159,10.24,,4
2019-09-16T20:52:42Z,-27.717808,152.466037,156,160,10.23,,4
2019-09-16T20:52:44Z,-27.71779,152.466072,156,161,10.23,,4
2019-09-16T20:52:46Z,-27.717772,152.466103,156,158,8.42,,4
2019-09-16T20:52:48Z,-27.717755,152.466133,156,158,7.24,,4
2019-09-16T20:52:50Z,-27.717741,152.466162,156,155,6.99,,4
2019-09-16T20:52:52Z,-27.717728,152.466192,156,153,6.64,,4
2019-09-16T20:52:54Z,-27.717712,152.466223,156,145,6.61,,4
2019-09-16T20:52:56Z,-27.717693,152.466259,156,143,6.41,,4
2019-09-16T20:52:58Z,-27.717674,152.466294,156,140,6.23,,4
2019-09-16T20:53:00Z,-27.717654,152.466323,156,139,6.17,,4
2019-09-16T20:53:02Z,-27.717631,152.466346,156,138,6.27,,4
2019-09-16T20:53:04Z,-27.717603,152.466366,156,137,6.27,,4
2019-09-16T20:53:06Z,-27.717574,152.466385,156,137,6.27,,4
2019-09-16T20:53:08Z,-27.717544,152.466402,156,134,6.22,,4
2019-09-16T20:53:10Z,-27.71751,152.466416,156,134,6.2,,4
2019-09-16T20:53:12Z,-27.717476,152.466427,156,133,6.25,,4
2019-09-16T20:53:14Z,-27.717439,152.466441,156,133,6.27,,4
2019-09-16T20:53:16Z,-27.717402,152.466447,156,132,6.31,,4
2019-09-16T20:53:18Z,-27.717365,152.466444,156,132,6.33,,4
2019-09-16T20:53:20Z,-27.717328,152.466437,156,132,6.33,,4
2019-09-16T20:53:22Z,-27.717292,152.466431,157,130,6.33,,4
2019-09-16T20:53:24Z,-27.717292,152.466431,157,129,6.35,,4
2019-09-16T20:53:26Z,-27.71725,152.466428,157,124,6.35,,4
2019-09-16T20:53:28Z,-27.717202,152.466432,157,124,8.51,,4
2019-09-16T20:53:30Z,-27.717145,152.466442,157,124,10.49,,4
2019-09-16T20:53:32Z,-27.717083,152.466447,157,124,11.85,,4
2019-09-16T20:53:34Z,-27.71702,152.466455,157,125,12.23,,4
2019-09-16T20:53:36Z,-27.71696,152.466483,157,125,12.41,,4
2019-09-16T20:53:38Z,-27.716909,152.466533,157,127,12.49,,4
2019-09-16T20:53:40Z,-27.716865,152.466588,157,128,12.22,,4
2019-09-16T20:53:42Z,-27.71682,152.466638,157,128,11.47,,4
2019-09-16T20:53:44Z,-27.716771,152.466662,157,130,11.03,,4
2019-09-16T20:53:46Z,-27.716718,152.466651,157,130,10.83,,4
2019-09-16T20:53:48Z,-27.716667,152.466623,156,130,10.83,,4
2019-09-16T20:53:50Z,-27.716615,152.466589,156,133,10.92,,4
2019-09-16T20:53:52Z,-27.71656,152.466556,156,133,10.97,,4
2019-09-16T20:53:54Z,-27.716508,152.466521,156,133,11.04,,4
2019-09-16T20:53:56Z,-27.716457,152.466483,156,133,11.07,,4
2019-09-16T20:53:58Z,-27.716404,152.466454,156,134,11.07,,4
2019-09-16T20:54:00Z,-27.71635,152.466431,156,135,11.07,,4
2019-09-16T20:54:02Z,-27.716296,152.466407,155,135,11.14,,4
2019-09-16T20:54:04Z,-27.716242,152.46638,155,135,11.14,,4
2019-09-16T20:54:06Z,-27.71619,152.466353,155,135,11.14,,4
2019-09-16T20:54:08Z,-27.716139,152.466328,155,135,11.23,,4
2019-09-16T20:54:10Z,-27.716099,152.466309,155,135,11.23,,4
2019-09-16T20:54:12Z,-27.716066,152.466307,155,135,10.9,,4
